time,latitude,longitude,depth,Temperature,CTD_Salinity,Salinity,Sigma_theta,Oxygen_1,CO2,Alkalinity,TOC,POC,PON,TN,NO3_plus_NO2,NO2,PO4,Silicate,Bact_Enum
UTC,degrees_north,degrees_east,m,degrees Celsius ( \u00b0C),dimensionless,dimensionless,kilograms per cubic meter (kg/m^3),micromoles per kilogram (umol/kg),micromoles per kilogram (umol/kg),microequivalents,micromoles per kilogram (umol/kg),micrograms per kilogram (ug/kg),micrograms per kilogram (ug/kg),micromoles per kilogram (umol/kg),micromoles per kilogram (umol/kg),micromoles per kilogram (umol/kg),micromoles per kilogram (umol/kg),micromoles per kilogram (umol/kg),cells times 10^8 per kilogram
1998-11-18T11:05:00Z,31.655,-64.169,405.0,17.61,36.457,36.456,26.503,196.0,2103.2,2377.4,47.4,5.22,1.18,8.3,5.35,0.0,0.25,1.87,0.7
1998-12-08T14:25:00Z,31.638,-64.187,20.3,23.079,36.564,36.564,25.1,213.0,2036.5,2382.2,66.2,35.67,4.91,5.0,0.0,0.0,0.0,0.58,7.2
1998-12-09T03:10:00Z,31.638,-64.187,301.1,18.061,36.533,36.531,26.444,203.1,2095.2,2374.4,49.0,3.99,0.9,7.4,3.45,0.0,0.16,1.21,0.9
1999-01-15T23:20:00Z,31.664,-64.072,2.6,21.914,36.5,36.502,25.386,217.4,2040.2,2377.7,66.9,37.6,4.75,4.6,0.0,0.0,0.0,1.03,5.9
1999-01-15T23:20:00Z,31.664,-64.072,9.8,21.921,36.5,36.501,25.383,217.3,2040.7,2371.7,67.1,42.85,4.07,4.5,0.0,0.0,0.0,1.02,4.0
1999-01-15T23:20:00Z,31.664,-64.072,19.4,21.925,36.509,36.502,25.383,217.7,2040.0,2377.3,66.3,41.63,4.75,4.6,0.0,0.0,0.0,1.02,5.1
1999-01-15T23:20:00Z,31.664,-64.072,39.0,21.909,36.539,36.507,25.393,218.0,2040.5,2381.9,65.6,41.08,4.62,4.6,0.0,0.0,0.0,1.02,6.1
1999-01-15T23:20:00Z,31.664,-64.072,59.3,21.906,36.566,36.561,25.436,217.2,2039.4,2389.7,63.5,27.67,3.74,4.3,0.0,0.0,0.0,1.01,5.3
1999-01-15T23:20:00Z,31.664,-64.072,79.8,21.904,36.568,36.567,25.442,217.0,2043.7,2381.9,62.2,26.81,4.21,4.2,0.0,0.0,0.0,1.01,5.7
1999-01-15T23:20:00Z,31.664,-64.072,98.4,21.888,36.575,36.577,25.455,216.4,2057.4,2393.6,60.6,42.44,6.38,4.2,0.0,0.0,0.0,1.0,5.1
1999-01-15T23:20:00Z,31.664,-64.072,117.6,18.973,36.47,36.476,26.163,232.9,2065.8,2385.7,57.1,26.57,3.13,4.1,0.0,0.0,0.0,1.0,3.1
1999-01-15T23:20:00Z,31.664,-64.072,137.2,18.269,36.492,36.481,26.347,214.7,2089.4,2383.9,55.8,25.05,2.57,4.3,0.39,0.0,0.0,1.17,2.5
1999-01-15T23:20:00Z,31.664,-64.072,156.7,18.083,36.496,36.495,26.404,202.3,2098.7,2382.0,55.0,19.82,2.3,6.6,2.34,0.0,0.07,1.63,2.4
1999-01-15T23:20:00Z,31.664,-64.072,196.8,17.876,36.493,36.499,26.461,201.7,2098.1,2381.0,52.2,13.5,1.63,7.8,4.2,0.0,0.2,2.9,1.5
1999-01-15T23:20:00Z,31.664,-64.072,246.4,17.693,36.465,36.476,26.491,200.5,2101.0,2377.3,49.5,34.08,2.36,7.7,4.69,0.0,0.23,2.2,1.6
1999-01-15T23:20:00Z,31.664,-64.072,298.6,17.314,36.403,36.42,26.543,192.6,2109.7,2379.2,49.2,10.88,1.69,9.2,4.87,0.0,0.28,2.13,1.9
2000-11-14T23:37:00Z,31.565,-64.194,300.2,18.174,36.526,36.525,26.412,198.6,2098.6,2400.5,48.4,8.85,1.16,7.6,4.14,0.0,0.18,1.95,0.8
2001-04-04T16:29:00Z,31.577,-64.202,159.9,19.052,36.623,36.625,26.259,192.0,2100.0,2374.8,53.3,15.03,2.41,6.6,2.53,0.0,0.09,0.76,2.2
2001-04-19T09:16:00Z,31.65,-64.184,298.8,17.793,36.47,36.474,26.467,192.4,2102.7,2385.3,50.4,13.64,0.82,7.9,5.44,0.0,0.25,2.22,0.7
2001-04-19T09:16:00Z,31.65,-64.184,399.1,16.58,36.261,36.264,26.602,177.4,2121.6,2373.3,49.4,7.95,1.14,10.4,9.0,0.0,0.48,2.77,0.7
2001-05-16T04:11:00Z,31.604,-64.14,299.0,18.488,36.581,36.581,26.376,206.6,2088.1,2392.3,51.6,15.98,2.83,5.4,2.94,0.0,0.13,1.04,1.4
2001-05-16T04:11:00Z,31.604,-64.14,400.1,17.873,36.484,36.484,26.459,193.7,2100.8,2385.0,49.8,20.38,2.77,8.0,5.19,0.0,0.22,1.56,0.8
2001-06-06T02:30:00Z,31.631,-64.169,300.6,18.57,36.582,36.576,26.351,199.7,2092.5,2388.1,48.0,11.69,1.39,6.4,3.04,0.0,0.2,1.07,1.0
2001-06-06T02:30:00Z,31.631,-64.169,400.6,18.044,36.517,36.515,26.44,191.9,2102.0,2387.7,47.0,11.72,0.82,7.2,4.77,0.0,0.29,1.5,0.9
2001-07-19T03:46:00Z,31.633,-64.168,400.2,17.967,36.533,36.531,26.472,207.3,2093.6,2382.9,48.5,13.49,2.2,7.5,3.8,0.0,0.25,1.53,1.3
2001-11-10T05:40:00Z,31.671,-64.157,301.1,18.1,36.541,36.542,26.443,201.5,2095.2,2385.3,50.3,17.72,1.14,6.5,3.51,0.0,0.23,1.4,0.9
2001-12-11T23:45:00Z,31.664,-64.164,399.5,17.701,36.526,36.524,26.532,212.3,2095.5,2387.0,47.2,13.08,2.41,8.0,4.2,0.0,0.23,1.41,1.1
2002-02-27T18:20:00Z,31.664,-64.075,40.4,20.161,36.685,36.686,26.008,221.9,2062.3,2393.8,63.3,51.97,6.76,4.0,0.08,0.0,0.0,0.45,4.4
2002-02-28T07:31:00Z,31.666,-64.164,300.3,18.472,36.578,36.581,26.38,199.1,2093.2,2394.2,50.7,17.71,1.21,7.2,3.77,0.0,0.21,1.48,0.8
2002-02-28T07:31:00Z,31.666,-64.164,401.2,17.907,36.511,36.513,26.473,199.0,2099.4,2386.4,50.1,10.66,0.99,7.7,4.68,0.0,0.28,1.89,0.6
2002-06-05T02:59:00Z,31.666,-64.171,300.9,18.528,36.583,36.583,26.367,214.9,2085.2,2387.3,52.4,21.3,2.14,5.5,3.15,0.0,0.12,1.04,1.4
2002-06-05T02:59:00Z,31.666,-64.171,402.7,18.06,36.526,36.527,26.446,207.6,2093.1,2383.1,49.9,20.31,2.28,6.9,3.97,0.0,0.19,1.33,1.4
2002-06-05T02:59:00Z,31.666,-64.171,796.5,11.887,35.525,35.524,27.039,143.5,2167.7,2329.5,45.7,21.13,2.02,22.8,19.85,0.0,1.24,9.64,0.7
2002-07-03T02:00:00Z,31.665,-64.171,300.6,18.146,36.536,36.536,26.427,201.1,2097.2,2388.1,50.3,20.96,3.25,7.9,4.11,0.0,0.2,1.4,1.5
2002-08-21T06:04:00Z,31.667,-64.169,299.3,18.32,36.55,36.549,26.393,197.3,2093.2,2398.9,51.2,16.93,2.01,8.5,3.98,0.0,0.21,1.23,1.5
2002-08-21T06:04:00Z,31.667,-64.169,400.3,17.623,36.461,36.461,26.503,192.4,2101.2,2395.9,48.1,29.7,1.74,8.4,5.39,0.0,0.31,1.63,1.2
2002-09-18T01:55:00Z,31.667,-64.165,300.0,18.454,36.567,36.568,26.374,199.7,2093.8,2398.8,51.4,14.52,1.7,7.2,3.86,0.0,0.17,0.61,1.2
2002-09-18T01:55:00Z,31.667,-64.165,400.2,17.857,36.494,36.494,26.471,191.8,2101.6,2398.8,49.6,14.11,1.5,7.8,5.23,0.0,0.28,1.08,1.2
2002-10-09T04:20:00Z,31.64,-64.155,300.8,18.64,36.591,36.592,26.345,201.0,2097.3,2401.9,50.4,16.89,1.2,6.2,3.72,0.0,0.18,0.56,0.9
2002-11-14T01:59:00Z,31.67,-64.165,398.6,18.005,36.514,36.514,26.449,194.0,2101.7,2376.9,47.9,21.38,1.17,8.1,4.92,0.0,0.26,1.03,0.9
2003-01-23T01:51:00Z,31.681,-64.163,302.2,18.342,36.556,36.339,26.227,183.9,2101.2,2393.3,48.6,10.99,1.73,7.1,7.44,0.0,0.44,2.55,1.0
2003-01-23T01:51:00Z,31.681,-64.163,398.3,17.536,36.446,36.446,26.513,192.0,2106.3,2382.0,47.5,13.78,1.83,7.9,6.14,0.0,0.33,1.47,0.8
2003-04-23T03:23:00Z,31.66,-64.137,400.4,17.507,36.444,36.443,26.517,192.5,2107.9,2388.4,48.4,12.61,1.42,9.6,3.19,0.0,0.34,1.98,1.1
2003-07-05T05:23:00Z,31.648,-64.232,299.8,17.874,36.492,36.492,26.461,192.5,2101.8,2388.9,47.9,6.05,1.39,7.6,4.49,0.0,0.28,1.22,1.2
2003-07-16T05:07:00Z,31.674,-64.181,301.3,17.389,36.427,36.427,26.53,194.9,2104.9,2376.5,48.9,13.53,1.59,7.4,5.09,0.0,0.31,1.19,1.2
2003-07-16T05:07:00Z,31.674,-64.181,400.8,16.473,36.273,36.273,26.634,190.5,2113.5,2369.7,48.0,10.58,1.09,9.3,7.67,0.0,0.44,2.11,1.2
2003-08-11T22:45:00Z,31.667,-64.167,299.7,18.456,36.567,36.569,26.375,201.9,2096.2,2391.4,49.4,14.7,3.15,6.8,2.01,0.029,0.23,0.3,1.1
2003-08-11T22:45:00Z,31.667,-64.167,399.0,17.748,36.475,36.475,26.483,191.7,2104.3,2378.3,47.4,17.9,3.05,8.3,4.71,0.029,0.38,0.88,0.9
2003-09-18T22:56:00Z,31.666,-64.168,302.3,18.341,36.553,36.552,26.391,201.8,2094.0,2389.9,49.4,11.62,1.89,7.2,2.39,0.0,0.21,0.99,1.2
2003-09-18T22:56:00Z,31.666,-64.168,399.7,17.753,36.473,36.474,26.481,190.8,2110.3,2379.9,48.1,13.0,2.15,7.2,5.05,0.0,0.32,1.53,1.0
2003-10-08T05:56:00Z,31.67,-64.164,300.5,18.099,36.525,36.524,26.43,194.6,2102.6,2377.1,49.4,15.26,1.31,7.4,3.8,0.0,0.28,1.14,0.9
2003-10-08T05:56:00Z,31.67,-64.164,401.6,17.348,36.414,36.416,26.535,194.3,2107.9,2369.7,48.5,15.23,1.13,7.8,5.74,0.0,0.37,1.69,0.8
2004-01-27T03:37:00Z,31.667,-64.162,295.8,18.241,36.543,36.542,26.408,197.4,2098.4,2405.3,49.0,10.68,1.57,7.9,3.4,0.0,0.2,1.76,1.1
2004-01-27T12:16:00Z,31.655,-64.147,100.1,20.276,36.693,36.693,25.986,218.8,2063.3,2394.0,61.3,21.12,4.58,4.8,0.17,0.068,0.0,0.96,3.9
2004-01-27T12:16:00Z,31.655,-64.147,199.7,18.89,36.61,36.61,26.291,196.2,2095.9,2390.6,53.9,26.51,2.02,6.5,2.49,0.0,0.08,1.36,1.5
2004-03-23T01:00:00Z,31.683,-64.158,298.9,19.319,36.625,36.625,26.197,217.1,2077.6,2400.6,51.7,11.85,1.23,7.6,0.0,0.0,0.07,1.24,1.2
2004-07-15T07:12:00Z,31.667,-64.167,299.6,18.287,36.571,36.571,26.419,211.5,2094.2,2389.9,49.6,16.37,1.84,6.7,1.46,0.0,0.19,2.14,1.1
2004-07-15T07:12:00Z,31.667,-64.167,397.0,17.946,36.532,36.533,26.478,214.5,2096.6,2390.4,48.0,24.23,2.26,6.6,1.97,0.0,0.2,2.14,1.1
2004-08-18T03:15:00Z,31.666,-64.168,301.3,18.699,36.601,36.6,26.337,205.9,2090.4,2397.6,51.3,20.09,3.49,6.2,0.77,0.0,0.13,2.03,1.4
2004-08-18T03:15:00Z,31.666,-64.168,400.5,18.174,36.547,36.547,26.433,205.2,2096.4,2390.7,50.0,13.53,1.14,8.1,2.31,0.0,0.19,2.28,1.4
2004-09-15T05:59:00Z,31.666,-64.166,299.7,17.925,36.516,36.518,26.468,205.3,2099.6,2376.0,50.5,14.78,1.17,7.3,3.02,0.0,0.21,2.53,1.1
2004-09-15T05:59:00Z,31.666,-64.166,400.3,17.056,36.359,36.361,26.563,185.6,2117.8,2370.6,49.4,21.42,1.46,9.5,7.46,0.0,0.38,3.3,1.4
2004-10-14T12:00:00Z,31.67,-64.176,302.4,17.956,36.52,36.519,26.461,203.7,2102.5,2395.4,51.3,13.25,1.05,7.4,4.26,0.0,0.2,1.62,1.1
2004-10-14T12:00:00Z,31.67,-64.176,401.4,17.193,36.385,36.387,26.55,187.5,2116.3,2400.5,48.3,22.29,1.73,9.1,6.97,0.0,0.36,2.22,1.0
2004-12-09T06:06:00Z,31.667,-64.151,400.3,17.651,36.468,36.466,26.501,191.5,2112.7,2383.2,48.3,11.78,1.63,7.9,5.85,0.0,0.27,2.07,0.9
2005-01-28T10:10:00Z,31.664,-64.162,401.4,17.746,36.481,36.497,26.488,200.7,2104.7,2378.9,48.3,15.51,2.21,9.1,4.68,0.0,0.22,1.92,1.1
2005-02-23T23:05:00Z,31.666,-64.166,300.5,18.203,36.552,36.547,26.425,201.6,2100.2,2384.2,50.8,11.44,2.03,6.1,4.14,0.0,0.12,1.72,1.8
2005-02-23T23:05:00Z,31.666,-64.166,400.5,17.817,36.505,36.503,26.489,202.3,2103.2,2380.9,49.7,10.19,2.29,6.8,4.77,0.0,0.15,1.95,0.9
2005-03-21T14:40:00Z,31.694,-64.203,100.3,19.38,36.73,36.729,26.252,221.8,2078.9,2399.5,59.0,21.53,5.56,4.3,0.46,0.166,0.0,0.83,8.9
2005-03-21T23:42:00Z,31.731,-64.184,302.0,18.251,36.554,36.553,26.414,202.3,2098.6,2388.1,51.5,17.86,1.63,6.8,4.33,0.0,0.14,2.09,1.8
2005-03-21T23:42:00Z,31.731,-64.184,398.6,17.87,36.519,36.517,26.486,207.9,2099.0,2385.9,48.5,11.24,1.63,9.3,4.5,0.0,0.14,1.72,1.4
2005-04-20T04:45:00Z,31.801,-64.163,299.7,18.485,36.631,36.629,26.415,216.6,2088.8,2392.7,51.0,10.83,1.99,6.7,2.37,0.0,0.09,1.34,0.6
2005-05-17T12:50:00Z,31.677,-64.13,100.6,19.332,36.717,36.717,26.254,214.5,2087.6,2398.3,59.2,22.87,4.58,5.2,0.99,0.113,0.03,0.84,4.3
2005-05-18T03:25:00Z,31.67,-64.166,300.6,18.252,36.578,36.577,26.433,206.8,2102.6,2389.7,51.6,10.0,2.22,7.2,3.7,0.0,0.12,1.52,1.4
2005-05-18T03:25:00Z,31.67,-64.166,400.9,17.725,36.48,36.48,26.492,196.8,2106.8,2383.5,50.1,13.23,2.1,8.5,5.48,0.0,0.17,1.95,1.3
2005-06-13T22:23:00Z,31.666,-64.166,299.6,18.457,36.6,36.598,26.398,206.5,2096.1,2393.9,50.6,12.96,1.84,8.3,3.25,0.0,0.1,1.41,1.7
2005-06-13T22:23:00Z,31.666,-64.166,399.5,17.89,36.512,36.514,26.477,200.6,2108.3,2385.5,48.9,12.61,2.04,8.7,4.81,0.0,0.19,1.76,1.3
2005-07-20T10:29:00Z,31.666,-64.166,301.9,18.183,36.58,36.58,26.451,210.9,2097.6,2377.4,50.9,6.23,1.65,6.4,3.92,0.0,0.17,1.47,1.2
2005-07-20T10:29:00Z,31.666,-64.166,401.1,17.894,36.534,36.534,26.492,207.5,2101.2,2374.2,48.9,7.75,1.65,6.9,4.32,0.0,0.19,1.95,2.0
2005-08-10T10:03:00Z,31.663,-64.167,300.4,18.223,36.59,36.593,26.449,207.8,2096.1,2390.3,50.1,11.02,1.53,7.1,3.24,0.02,0.12,1.69,1.4
2005-08-10T10:03:00Z,31.663,-64.167,401.2,17.946,36.544,36.545,26.487,208.6,2100.7,2392.0,49.1,11.37,1.79,8.1,4.39,0.0,0.17,1.9,1.6
2005-09-06T23:23:00Z,31.663,-64.155,301.3,18.273,36.589,36.586,26.436,208.7,2100.8,2395.8,50.6,14.06,0.09,6.5,3.38,0.0,0.14,1.51,1.2
2005-09-06T23:23:00Z,31.663,-64.155,401.6,17.729,36.493,36.493,26.501,199.3,2106.3,2382.4,47.2,14.03,0.0,8.2,5.02,0.0,0.23,1.9,1.0
2005-10-12T04:28:00Z,31.67,-64.17,300.3,18.204,36.567,36.569,26.436,203.7,2100.2,2388.8,50.0,5.34,2.21,6.8,3.79,0.0,0.16,1.46,1.2
2005-10-12T04:28:00Z,31.67,-64.17,400.1,17.773,36.505,36.507,26.5,199.5,2106.0,2388.9,48.2,7.06,2.25,7.8,4.98,0.0,0.23,1.78,1.2
2005-11-24T10:15:00Z,31.671,-64.158,302.8,18.222,36.574,36.576,26.437,206.7,2098.1,2390.1,51.7,8.21,1.81,6.5,3.58,0.0,0.14,1.41,0.5
2005-11-24T10:15:00Z,31.671,-64.158,399.6,17.893,36.528,36.528,26.488,204.9,2101.2,2387.1,49.7,12.37,2.28,7.2,4.35,0.0,0.19,1.61,0.7
2005-12-09T07:38:00Z,31.664,-64.17,20.7,22.473,36.702,36.704,25.38,216.6,2056.2,2397.1,66.6,23.41,6.22,4.4,0.0,0.0,0.0,0.54,3.5
2005-12-09T11:35:00Z,31.681,-64.165,301.3,18.133,36.571,36.574,26.457,210.0,2098.7,2387.9,50.8,6.23,2.65,7.0,3.43,0.0,0.14,1.45,1.0
2005-12-09T11:35:00Z,31.681,-64.165,401.8,17.921,36.546,36.546,26.495,206.7,2099.4,2385.6,49.1,9.79,2.3,7.6,3.97,0.0,0.19,1.63,0.9
2005-12-09T11:35:00Z,31.681,-64.165,800.3,11.13,35.444,35.445,27.117,154.4,2168.2,2326.3,46.3,9.94,1.78,22.2,19.48,0.0,1.17,10.29,0.7
2006-01-31T05:38:00Z,31.664,-64.168,301.9,18.269,36.59,36.589,26.438,204.6,2099.2,2391.7,52.1,7.42,2.26,7.9,3.61,0.0,0.14,1.47,0.6
2006-01-31T05:38:00Z,31.664,-64.168,398.2,17.791,36.509,36.51,26.498,198.7,2104.6,2386.5,49.8,10.55,1.88,9.1,4.99,0.0,0.2,1.83,0.5
2006-02-21T23:31:00Z,31.671,-64.161,399.6,17.636,36.487,36.479,26.52,200.5,2107.5,2385.1,49.0,9.43,1.8,9.1,5.09,0.0,0.23,1.22,0.8
2006-04-05T19:11:00Z,31.676,-64.182,302.2,18.06,36.562,36.565,26.469,205.3,2101.4,2388.7,49.6,5.95,2.69,8.0,3.8,0.0,0.16,0.85,1.1
2006-04-05T19:11:00Z,31.676,-64.182,401.4,17.612,36.477,36.48,26.518,198.0,2107.2,2383.3,48.0,10.89,2.28,9.8,5.54,0.0,0.24,1.25,1.2
2006-05-09T10:21:00Z,31.661,-64.163,400.2,17.942,36.541,36.544,26.485,202.3,2107.5,2381.3,48.0,9.76,2.16,8.4,4.51,0.0,0.2,1.73,1.5
2006-06-26T09:11:00Z,31.687,-64.181,300.8,18.052,36.554,36.552,26.464,202.9,2104.5,2387.6,49.3,4.6,1.31,6.8,4.18,0.0,0.16,1.64,1.0
2006-06-26T09:11:00Z,31.687,-64.181,400.7,17.372,36.423,36.425,26.535,191.1,2111.0,2378.3,47.8,11.02,2.13,8.7,6.64,0.0,0.29,2.2,1.0
2006-06-27T13:59:00Z,31.794,-64.256,20.9,24.065,36.584,36.592,24.825,217.1,2054.3,2391.0,66.0,47.91,4.8,5.0,0.0,0.0,0.0,0.56,5.6
2006-07-18T09:07:00Z,31.669,-64.168,299.8,17.97,36.543,36.545,26.476,203.0,2097.9,2390.3,50.9,5.48,3.67,6.1,4.17,0.0,0.17,1.68,0.5
2006-07-18T09:07:00Z,31.669,-64.168,398.6,17.123,36.382,36.383,26.564,189.5,2110.8,2384.6,49.0,6.3,2.85,7.9,6.65,0.0,0.36,2.36,1.2
2006-08-08T09:03:00Z,31.666,-64.159,300.6,18.07,36.57,36.57,26.472,210.9,2091.0,2390.6,51.5,10.73,2.22,8.0,3.41,0.0,0.13,1.79,1.2
2006-08-08T09:03:00Z,31.666,-64.159,400.4,17.628,36.475,36.476,26.512,201.9,2115.1,2384.2,49.0,7.0,1.87,8.4,4.9,0.0,0.23,2.19,1.6
2006-09-05T09:09:00Z,31.663,-64.165,300.9,18.12,36.573,36.574,26.462,209.1,2108.8,2390.0,50.3,6.88,3.4,6.4,3.53,0.0,0.14,1.53,1.0
2006-09-05T09:09:00Z,31.663,-64.165,400.3,17.659,36.484,36.488,26.512,197.9,2117.2,2386.9,48.7,9.88,4.0,8.3,5.24,0.0,0.24,1.98,1.0
2006-10-11T16:18:00Z,31.671,-64.171,302.1,18.219,36.586,36.587,26.447,210.7,2105.3,2394.6,50.1,9.57,3.33,7.7,3.13,0.021,0.11,1.53,1.0
2006-11-07T18:50:00Z,31.666,-64.174,180.1,18.335,36.65,36.606,26.462,211.6,2102.7,2391.0,50.3,6.11,2.39,6.5,3.1,0.0,0.09,1.38,1.1
2006-11-07T18:50:00Z,31.666,-64.174,399.9,18.021,36.551,36.55,26.474,207.6,2109.7,2390.5,48.7,9.89,2.5,6.8,4.11,0.0,0.15,1.59,1.0
2006-12-04T19:55:00Z,31.678,-64.159,300.1,18.431,36.604,36.603,26.407,202.8,2116.6,2391.5,49.0,12.89,2.72,7.2,3.54,0.0,0.14,1.28,1.0
2006-12-05T14:11:00Z,31.639,-64.173,100.2,22.834,36.463,36.464,25.099,213.1,2052.1,2385.3,63.0,13.58,2.0,4.5,0.0,0.0,0.0,0.92,4.3
2007-02-21T17:17:00Z,31.669,-64.165,306.8,18.09,36.565,36.566,26.464,204.9,2109.2,2388.9,50.9,15.33,2.74,7.6,3.76,0.0,0.13,1.55,0.8
2007-02-21T17:17:00Z,31.669,-64.165,395.1,17.517,36.451,36.45,26.521,195.1,2122.0,2381.0,50.6,13.23,2.62,9.8,5.59,0.0,0.22,2.07,0.8
2007-02-22T14:14:00Z,31.629,-64.193,10.0,19.748,36.678,36.677,26.111,221.7,2082.1,2389.4,64.4,33.03,8.07,4.2,0.17,0.068,0.0,0.77,6.8
2007-02-22T14:14:00Z,31.629,-64.193,19.1,19.743,36.679,36.68,26.113,221.4,2084.1,2396.5,63.2,27.41,6.23,4.7,0.18,0.078,0.0,0.79,6.2
2007-02-22T14:14:00Z,31.629,-64.193,38.9,19.744,36.678,36.676,26.114,221.7,2080.5,2390.6,63.4,34.37,6.82,4.7,0.2,0.068,0.0,0.8,5.3
2007-02-22T14:14:00Z,31.629,-64.193,59.5,19.749,36.679,36.678,26.114,221.3,2084.2,2393.7,63.6,16.23,3.98,5.3,0.18,0.068,0.0,0.79,3.8
2007-02-22T14:14:00Z,31.629,-64.193,100.7,19.756,36.679,36.677,26.114,221.2,2084.2,2392.3,63.1,28.86,7.24,4.8,0.17,0.068,0.0,0.8,3.7
2007-02-22T14:14:00Z,31.629,-64.193,119.7,19.749,36.678,36.676,26.116,221.1,2086.3,2397.1,64.2,29.12,7.17,4.6,0.2,0.078,0.0,0.77,4.7
2007-02-22T14:14:00Z,31.629,-64.193,141.0,19.735,36.677,36.675,26.119,220.4,2084.2,2400.4,63.4,21.7,5.64,4.9,0.28,0.068,0.0,0.78,3.8
2007-02-22T14:14:00Z,31.629,-64.193,159.9,18.835,36.612,36.614,26.305,199.1,2094.1,2410.5,59.3,10.73,3.57,7.2,2.61,0.049,0.08,1.12,2.7
2007-02-22T14:14:00Z,31.629,-64.193,199.4,18.422,36.591,36.593,26.396,199.7,2115.0,2390.7,57.7,4.95,3.09,8.2,3.85,0.0,0.15,1.44,1.6
2007-02-22T14:14:00Z,31.629,-64.193,252.2,18.185,36.573,36.571,26.443,203.4,2111.7,2389.5,51.7,5.78,2.56,7.6,4.0,0.0,0.16,1.45,1.5
2007-03-07T13:21:00Z,31.651,-64.204,7.2,19.538,36.683,36.682,26.17,223.1,2097.9,2398.4,63.4,28.26,7.15,4.1,0.14,0.107,0.0,0.75,4.9
2007-03-07T13:21:00Z,31.651,-64.204,7.1,19.538,36.683,36.683,26.17,223.6,2083.0,2398.6,63.8,22.95,6.6,4.6,0.14,0.088,0.0,0.75,5.9
2007-03-07T13:21:00Z,31.651,-64.204,18.9,19.538,36.683,36.686,26.17,223.5,2091.5,2399.7,63.2,26.76,6.78,4.5,0.14,0.088,0.0,0.77,5.2
2007-03-07T13:21:00Z,31.651,-64.204,38.4,19.541,36.683,36.684,26.17,223.6,2083.6,2398.9,62.2,44.68,10.49,4.8,0.14,0.088,0.0,0.78,5.6
2007-03-07T13:21:00Z,31.651,-64.204,59.0,19.543,36.683,36.681,26.171,223.2,2080.8,2397.3,63.8,20.46,5.42,4.6,0.14,0.098,0.0,0.78,3.7
2007-03-07T13:21:00Z,31.651,-64.204,80.1,19.543,36.682,36.68,26.172,222.7,2081.4,2398.1,62.8,25.92,5.6,4.9,0.17,0.098,0.0,0.76,3.2
2007-03-07T13:21:00Z,31.651,-64.204,101.0,19.546,36.682,36.681,26.171,223.0,2084.3,2398.7,62.0,25.97,6.41,4.8,0.17,0.098,0.0,0.78,3.5
2007-03-07T13:21:00Z,31.651,-64.204,118.3,19.55,36.682,36.684,26.171,223.2,2082.2,2398.8,62.2,24.4,5.67,5.1,0.17,0.107,0.0,0.78,5.0
2007-03-07T13:21:00Z,31.651,-64.204,140.4,19.551,36.681,36.68,26.172,223.3,2080.1,2398.8,60.6,28.47,6.29,4.7,0.16,0.088,0.0,0.77,3.9
2007-03-07T13:21:00Z,31.651,-64.204,158.2,19.548,36.681,36.681,26.173,223.0,2081.1,2398.7,60.3,18.89,3.26,4.7,0.18,0.107,0.0,0.77,5.1
2007-03-07T13:21:00Z,31.651,-64.204,198.8,18.495,36.603,36.605,26.386,200.2,2107.0,2391.6,53.2,13.32,3.2,6.8,3.57,0.039,0.12,1.29,1.6
2007-03-07T13:21:00Z,31.651,-64.204,250.1,18.248,36.588,36.587,26.439,205.4,2102.4,2390.1,52.2,5.74,3.31,6.8,3.75,0.0,0.14,1.39,1.5
2007-04-14T18:40:00Z,31.669,-64.171,300.9,18.077,36.563,36.562,26.465,202.8,2112.7,2391.3,51.8,13.81,2.73,7.7,3.96,0.0,0.15,1.34,1.1
2007-04-14T18:40:00Z,31.669,-64.171,401.3,17.299,36.411,36.412,26.543,189.7,2130.2,2378.8,49.1,17.21,4.39,9.0,6.56,0.0,0.29,1.91,1.1
2007-04-15T16:21:00Z,31.783,-64.241,119.7,19.393,36.684,36.686,26.214,221.6,2090.8,2398.0,60.8,14.62,3.32,4.4,0.36,0.215,0.0,0.79,4.1
2007-05-16T11:55:00Z,31.663,-64.158,302.4,18.122,36.573,36.572,26.461,204.3,2108.4,2391.2,50.9,10.61,3.78,7.2,3.71,0.0,0.14,1.36,1.1
2007-05-16T11:55:00Z,31.663,-64.158,402.8,18.105,36.593,36.59,26.485,219.4,2100.5,2392.3,48.6,6.89,3.66,7.5,2.59,0.0,0.09,1.17,0.7
2007-06-20T12:09:00Z,31.666,-64.166,300.2,18.403,36.595,36.597,26.408,206.6,2105.1,2390.9,50.6,4.58,2.44,7.3,3.08,0.0,0.11,1.4,0.7
2007-06-20T12:09:00Z,31.666,-64.166,400.9,18.037,36.552,36.549,26.471,204.1,2110.6,2388.8,48.5,4.56,2.67,7.0,4.0,0.0,0.17,1.66,1.1
2007-07-20T13:03:00Z,31.668,-64.169,300.4,18.044,36.578,36.575,26.484,212.2,2104.5,2389.8,51.8,12.27,3.71,6.6,3.35,0.0,0.11,1.54,1.5
2007-07-20T13:03:00Z,31.668,-64.169,401.1,17.545,36.477,36.478,26.534,201.0,2115.0,2383.7,49.6,16.64,3.54,7.9,5.08,0.0,0.23,2.05,1.3
2007-08-16T15:00:00Z,31.67,-64.163,301.1,18.108,36.566,36.569,26.459,206.3,2105.8,2389.0,51.4,9.23,2.61,6.3,3.85,0.0,0.17,1.59,1.0
2007-08-16T15:00:00Z,31.67,-64.163,400.6,17.591,36.469,36.472,26.517,197.5,2115.3,2383.5,49.0,12.71,2.49,7.9,5.47,0.0,0.24,2.03,0.9
2007-09-07T19:12:00Z,31.672,-64.168,297.2,18.189,36.605,36.6,26.469,211.9,2103.0,2392.4,49.3,9.2,3.34,6.4,2.81,0.0,0.08,1.23,1.2
2007-09-07T19:12:00Z,31.672,-64.168,398.4,17.95,36.57,36.559,26.506,210.3,2107.9,2389.9,47.3,8.56,3.18,6.7,3.43,0.0,0.13,1.38,0.9
2007-10-07T18:54:00Z,31.668,-64.164,301.0,18.233,36.603,36.596,26.457,207.2,2100.7,2391.6,50.4,6.88,2.11,7.0,3.65,0.0,0.16,1.67,1.0
2007-10-07T18:54:00Z,31.668,-64.164,401.0,17.974,36.565,36.564,26.496,205.3,2107.7,2389.2,48.7,10.61,1.94,7.4,4.38,0.0,0.2,1.84,0.9
2007-11-13T19:58:00Z,31.648,-64.194,300.4,18.145,36.581,36.589,26.462,207.2,2097.8,2391.1,49.2,26.92,3.29,7.2,3.57,0.0,0.15,1.53,1.2
2007-12-05T15:35:00Z,31.667,-64.165,298.1,18.11,36.582,36.581,26.471,209.1,2103.7,2391.2,50.2,6.3,1.48,6.8,3.57,0.0,0.17,1.68,1.2
2007-12-05T15:35:00Z,31.667,-64.165,402.0,17.693,36.513,36.513,26.525,206.8,2108.8,2387.3,48.0,14.27,2.68,8.6,4.68,0.0,0.22,1.87,0.8
2008-02-13T13:06:00Z,31.67,-64.166,302.4,17.856,36.528,36.529,26.493,204.9,2111.0,2388.6,51.7,6.92,1.66,7.1,4.33,0.0,0.17,2.03,0.9
2008-02-13T13:06:00Z,31.67,-64.166,399.1,17.36,36.452,36.45,26.56,203.4,2110.5,2384.1,50.5,5.52,1.77,7.9,5.17,0.029,0.22,2.37,0.9
2008-02-23T14:06:00Z,31.667,-64.191,139.7,19.882,36.679,36.676,26.083,202.0,2098.3,2398.6,52.6,13.24,4.9,7.6,0.52,0.098,0.0,1.0,4.3
2008-03-13T16:14:00Z,31.662,-64.185,118.4,19.787,36.637,36.631,26.075,217.0,2083.9,2395.2,62.1,22.04,3.55,4.7,0.65,0.059,0.0,0.95,3.4
2008-03-14T12:36:00Z,31.668,-64.168,301.3,18.03,36.556,36.559,26.471,202.4,2108.8,2389.8,50.1,7.78,1.81,6.8,3.94,0.0,0.16,1.99,0.9
2008-03-14T12:36:00Z,31.668,-64.168,400.0,17.585,36.483,36.483,26.529,198.7,2111.7,2384.8,48.0,11.47,1.41,7.0,4.92,0.0,0.25,2.35,1.0
2008-04-16T13:08:00Z,31.668,-64.168,301.0,18.031,36.557,36.559,26.472,202.5,2109.1,2389.8,50.1,9.39,1.36,6.7,4.43,0.0,0.12,0.58,1.0
2008-04-16T13:08:00Z,31.668,-64.168,398.5,17.658,36.501,36.5,26.525,201.7,2111.6,2386.1,49.6,3.03,1.33,7.0,5.35,0.0,0.17,0.9,0.9
2008-05-29T11:42:00Z,31.666,-64.167,301.9,17.956,36.547,36.548,26.483,202.5,2115.8,2390.7,51.0,6.64,1.71,7.3,3.67,0.0,0.17,1.44,1.3
2008-05-29T11:42:00Z,31.666,-64.167,401.5,17.395,36.455,36.458,26.554,201.4,2120.7,2384.7,50.5,3.89,1.01,8.4,4.28,0.0,0.25,1.83,0.6
2008-07-19T11:36:00Z,31.67,-64.18,296.3,18.046,36.553,36.55,26.465,202.3,2112.3,2390.3,51.1,6.72,1.35,6.6,4.2,0.0,0.15,1.72,0.6
2008-07-19T11:36:00Z,31.67,-64.18,402.8,17.561,36.477,36.478,26.531,199.0,2118.4,2385.9,49.3,5.78,1.66,7.9,5.55,0.0,0.21,2.12,0.8
2008-08-12T14:25:00Z,31.672,-64.163,302.4,18.097,36.569,36.562,26.465,200.8,2111.5,2390.6,51.1,13.6,2.28,6.9,3.95,0.0,0.13,1.31,0.6
2008-09-10T19:28:00Z,31.667,-64.169,300.4,17.887,36.536,36.533,26.491,200.8,2109.2,2388.5,50.9,6.31,1.99,7.1,4.71,0.0,0.18,1.41,0.6
2008-10-07T23:32:00Z,31.667,-64.17,294.9,18.134,36.56,36.562,26.448,201.4,2109.0,2389.8,51.5,22.06,2.71,7.4,3.94,0.0,0.17,1.39,0.8
2008-11-09T11:55:00Z,31.666,-64.168,301.8,18.254,36.582,36.59,26.435,199.7,2108.8,2391.6,51.6,57.43,3.75,7.3,4.21,0.0,0.17,1.37,0.8
2008-11-09T11:55:00Z,31.666,-64.168,401.7,17.79,36.514,36.517,26.503,198.5,2113.7,2386.8,49.8,29.6,2.69,8.3,5.25,0.0,0.21,1.75,0.7
2009-02-08T12:55:00Z,31.662,-64.168,300.3,18.086,36.547,36.55,26.451,203.2,2112.3,2387.8,50.0,10.99,1.88,7.5,4.94,0.0,0.13,1.8,1.1
2009-02-08T12:55:00Z,31.662,-64.168,401.7,17.585,36.471,36.472,26.52,196.2,2119.9,2383.2,49.2,8.53,2.08,8.1,6.47,0.0,0.21,2.34,0.8
2009-03-17T12:17:00Z,31.663,-64.172,299.0,18.221,36.567,36.564,26.432,200.3,2112.0,2389.0,51.6,8.29,1.6,7.5,4.28,0.0,0.18,0.73,0.6
2009-03-17T12:17:00Z,31.663,-64.172,402.2,17.724,36.494,36.496,26.504,195.3,2118.1,2384.5,50.4,7.21,2.02,8.3,5.56,0.0,0.18,0.84,0.5
2009-03-19T13:03:00Z,31.666,-64.17,119.1,19.593,36.642,36.645,26.129,221.1,2086.7,2395.9,63.2,23.7,5.96,4.8,0.52,0.293,0.0,0.92,3.4
2009-04-15T14:00:00Z,31.703,-64.095,3.6,20.973,36.838,36.841,25.903,219.4,2086.2,2407.3,67.0,19.65,4.24,3.8,0.0,0.0,0.0,0.87,2.7
2009-04-15T14:00:00Z,31.703,-64.095,9.9,20.944,36.838,36.841,25.911,219.1,2086.7,2407.4,67.1,17.56,4.93,3.9,0.0,0.029,0.0,0.79,4.1
2009-04-15T14:00:00Z,31.703,-64.095,19.8,20.912,36.837,36.841,25.92,219.3,2085.6,2407.9,67.1,25.39,4.36,4.4,0.0,0.0,0.0,0.84,3.4
2009-04-15T14:00:00Z,31.703,-64.095,40.2,20.903,36.837,36.84,25.923,219.2,2085.2,2407.3,65.2,27.02,6.18,3.7,0.0,0.0,0.0,0.87,2.3
2009-04-15T14:00:00Z,31.703,-64.095,60.8,20.894,36.836,36.841,25.926,219.6,2085.2,2407.6,64.2,23.0,5.27,4.3,0.0,0.0,0.0,0.86,3.4
2009-04-15T14:00:00Z,31.703,-64.095,81.4,20.85,36.828,36.831,25.933,219.6,2098.2,2406.8,62.9,28.6,5.04,4.0,0.0,0.0,0.0,0.87,3.4
2009-04-15T14:00:00Z,31.703,-64.095,100.0,20.346,36.757,36.761,26.016,219.8,2086.3,2402.1,62.0,23.13,5.5,4.2,0.0,0.039,0.0,0.86,2.8
2009-04-15T14:00:00Z,31.703,-64.095,120.3,20.095,36.718,36.719,26.055,215.9,2100.2,2399.6,61.0,15.3,4.19,4.1,0.34,0.146,0.0,0.9,2.8
2009-04-15T14:00:00Z,31.703,-64.095,141.7,19.865,36.681,36.682,26.088,216.8,2089.4,2397.1,59.0,10.1,3.62,4.5,0.53,0.107,0.0,0.89,3.2
2009-04-15T14:00:00Z,31.703,-64.095,160.7,19.754,36.67,36.674,26.11,212.9,2095.7,2397.5,58.6,6.45,3.33,4.6,0.75,0.059,0.0,0.95,0.8
2009-04-15T14:00:00Z,31.703,-64.095,199.7,19.499,36.654,36.657,26.167,208.2,2101.8,2395.3,57.7,13.7,3.16,5.3,1.33,0.029,0.0,1.03,2.0
2009-05-15T13:25:00Z,31.67,-64.16,300.6,19.654,36.666,36.666,26.14,207.9,2093.6,2396.6,51.9,5.02,1.34,4.7,1.84,0.049,0.06,1.54,2.5
2009-05-15T13:25:00Z,31.67,-64.16,401.2,18.305,36.574,36.575,26.421,199.4,2110.7,2391.1,49.3,2.42,1.18,6.4,4.14,0.0,0.15,2.0,2.0
2009-05-16T13:02:00Z,31.626,-64.166,2.6,21.88,36.919,36.918,25.712,219.8,2100.1,2415.1,66.4,16.57,3.72,3.4,0.0,0.0,0.04,0.77,5.7
2009-05-16T13:02:00Z,31.626,-64.166,9.3,21.882,36.919,36.917,25.712,219.3,2085.5,2413.2,66.9,19.55,4.36,4.0,0.0,0.0,0.04,0.78,7.2
2009-05-16T13:02:00Z,31.626,-64.166,19.6,21.876,36.918,36.919,25.714,219.7,2095.9,2412.6,65.8,16.89,3.67,3.7,0.0,0.0,0.0,0.78,5.9
2009-05-16T13:02:00Z,31.626,-64.166,42.2,21.77,36.907,36.916,25.736,220.8,2083.2,2412.7,64.8,19.64,3.72,3.8,0.0,0.0,0.0,0.77,5.5
2009-05-16T13:02:00Z,31.626,-64.166,61.3,21.336,36.875,36.873,25.834,222.0,2077.1,2409.5,64.4,18.13,3.78,3.7,0.0,0.0,0.0,0.74,7.3
2009-05-16T13:02:00Z,31.626,-64.166,79.9,20.793,36.804,36.805,25.93,220.0,2095.3,2405.9,64.1,18.39,4.98,3.5,0.0,0.0,0.0,0.78,7.4
2009-05-16T13:02:00Z,31.626,-64.166,100.3,20.706,36.795,36.794,25.948,217.8,2101.1,2406.1,63.1,17.97,4.24,4.0,0.0,0.0,0.0,0.6,7.2
2009-05-16T13:02:00Z,31.626,-64.166,119.4,20.662,36.794,36.797,25.96,214.0,2081.9,2405.8,60.6,13.98,3.84,3.7,0.23,0.146,0.0,0.78,6.2
2009-05-16T13:02:00Z,31.626,-64.166,140.1,20.642,36.792,36.789,25.965,211.9,2115.8,2405.5,58.3,9.22,3.09,4.7,0.41,0.059,0.0,0.78,5.4
2009-05-16T13:02:00Z,31.626,-64.166,160.2,20.61,36.787,36.789,25.971,212.1,2084.2,2404.5,56.7,13.09,2.69,4.1,0.45,0.039,0.0,0.77,4.2
2009-05-16T13:02:00Z,31.626,-64.166,200.2,20.278,36.742,36.739,26.028,212.8,2085.5,2401.3,56.4,4.85,2.01,3.8,0.55,0.0,0.0,0.8,4.2
2009-05-16T13:02:00Z,31.626,-64.166,250.7,19.891,36.678,36.681,26.085,215.1,2099.7,2397.8,53.6,5.96,2.23,4.4,0.68,0.0,0.0,0.83,3.9
2009-06-10T13:40:00Z,31.665,-64.169,299.0,18.204,36.551,36.553,26.424,214.7,2101.2,2388.7,51.5,18.2,1.59,6.1,3.32,0.029,0.1,1.62,1.9
2009-06-10T13:40:00Z,31.665,-64.169,399.4,17.889,36.517,36.52,26.481,197.5,2116.2,2386.8,50.2,7.44,1.67,7.6,5.15,0.0,0.2,1.38,1.4
2009-06-11T13:16:00Z,31.668,-64.181,4.1,24.875,36.672,36.69,24.646,210.7,2071.7,2396.3,67.5,54.98,4.12,4.3,0.0,0.0,0.0,0.6,5.6
2009-06-11T13:16:00Z,31.668,-64.181,10.3,24.828,36.685,36.709,24.67,211.0,2073.6,2397.6,66.4,45.7,4.18,3.7,0.0,0.0,0.0,0.58,6.0
2009-06-11T13:16:00Z,31.668,-64.181,20.1,22.483,36.728,36.728,25.397,222.8,2073.0,2400.6,66.9,59.72,4.0,3.6,0.0,0.0,0.0,0.51,8.0
2009-06-11T13:16:00Z,31.668,-64.181,40.2,21.579,36.705,36.699,25.636,231.5,2072.8,2399.0,66.3,63.46,5.17,4.2,0.0,0.0,0.0,0.51,8.0
2009-06-11T13:16:00Z,31.668,-64.181,60.3,20.387,36.652,36.637,25.923,234.8,2071.6,2395.2,64.9,64.37,5.28,4.0,0.0,0.0,0.0,0.45,8.1
2009-06-11T13:16:00Z,31.668,-64.181,80.2,19.793,36.62,36.617,26.058,230.3,2077.0,2392.7,64.0,44.89,6.52,4.3,0.0,0.0,0.0,0.54,8.2
2009-06-11T13:16:00Z,31.668,-64.181,100.1,19.337,36.608,36.609,26.169,224.3,2084.7,2392.3,61.2,33.54,5.46,4.5,0.2,0.088,0.0,0.58,5.8
2009-06-11T13:16:00Z,31.668,-64.181,119.7,19.168,36.615,36.614,26.219,213.5,2097.8,2392.6,58.3,32.72,4.05,4.5,1.03,0.234,0.0,0.81,5.0
2009-06-11T13:16:00Z,31.668,-64.181,140.1,19.016,36.613,36.613,26.258,211.4,2094.6,2392.9,56.2,14.02,3.41,4.9,1.67,0.068,0.06,0.97,4.3
2009-06-11T13:16:00Z,31.668,-64.181,160.4,18.925,36.611,36.609,26.281,212.0,2090.8,2391.7,54.7,37.24,3.12,5.0,1.95,0.029,0.07,1.01,4.4
2009-06-11T13:16:00Z,31.668,-64.181,200.2,18.655,36.588,36.587,26.334,204.4,2105.0,2390.6,52.8,9.87,1.53,6.1,2.89,0.0,0.07,1.16,3.1
2009-07-14T14:16:00Z,31.666,-64.167,395.4,18.053,36.54,36.539,26.457,207.3,2103.9,2390.8,50.1,19.99,1.46,6.4,3.56,0.0,0.17,1.83,1.1
2009-07-15T13:10:00Z,31.639,-64.17,4.5,26.84,36.235,36.234,23.702,204.3,2034.8,2370.3,68.0,24.13,4.09,4.3,0.0,0.0,0.0,0.97,5.1
2009-07-15T13:10:00Z,31.639,-64.17,9.8,26.792,36.243,36.26,23.724,204.0,2038.9,2371.1,67.0,29.23,4.56,4.8,0.0,0.0,0.0,0.94,7.0
2009-07-15T13:10:00Z,31.639,-64.17,20.1,25.948,36.315,36.35,24.045,207.9,2053.6,2377.1,67.2,31.65,5.25,4.4,0.0,0.0,0.0,0.69,10.6
2009-07-15T13:10:00Z,31.639,-64.17,40.2,21.923,36.737,36.733,25.564,231.7,2067.8,2403.2,66.5,30.63,5.13,4.6,0.0,0.0,0.0,0.54,9.5
2009-07-15T13:10:00Z,31.639,-64.17,59.7,20.433,36.639,36.647,25.901,216.9,2102.1,2397.3,64.2,26.0,4.09,4.1,0.44,0.088,0.0,0.58,5.8
2009-07-15T13:10:00Z,31.639,-64.17,80.9,19.862,36.649,36.652,26.062,221.7,2081.9,2398.1,62.7,25.69,2.62,4.7,0.0,0.0,0.0,0.6,5.6
2009-07-15T13:10:00Z,31.639,-64.17,101.4,19.444,36.621,36.623,26.152,212.8,2099.6,2396.3,61.0,23.82,3.79,4.2,0.65,0.156,0.0,0.61,4.8
2009-07-15T13:10:00Z,31.639,-64.17,120.7,19.245,36.612,36.613,26.198,208.6,2090.5,2395.4,58.6,20.03,3.03,5.3,1.68,0.049,0.0,0.9,4.2
2009-07-15T13:10:00Z,31.639,-64.17,141.4,19.113,36.614,36.614,26.234,209.7,2090.8,2396.1,57.6,11.13,3.09,5.1,1.83,0.0,0.04,0.95,2.8
2009-07-15T13:10:00Z,31.639,-64.17,159.7,19.029,36.615,36.613,26.257,209.8,2098.0,2394.5,55.9,7.5,2.21,5.2,1.88,0.0,0.05,0.96,2.7
2009-07-15T13:10:00Z,31.639,-64.17,200.6,18.779,36.6,36.6,26.312,208.8,2099.9,2394.9,53.3,12.8,2.04,5.8,2.24,0.0,0.08,1.04,2.1
2009-07-15T13:10:00Z,31.639,-64.17,250.1,18.553,36.584,36.582,26.36,211.4,2109.1,2394.3,52.5,14.7,2.04,5.9,2.47,0.0,0.07,1.06,2.1
2009-08-16T12:07:00Z,31.667,-64.166,300.0,18.745,36.602,36.601,26.327,204.0,2096.6,2392.3,53.0,5.57,2.14,6.7,2.82,0.0,0.08,1.2,0.9
2009-08-16T12:07:00Z,31.667,-64.166,399.6,18.138,36.555,36.553,26.448,198.9,2107.1,2389.5,49.4,3.97,1.48,7.7,4.48,0.0,0.15,1.62,0.8
2009-09-11T16:10:00Z,31.669,-64.166,299.5,18.047,36.537,36.537,26.452,203.3,2108.7,2387.2,51.3,20.28,4.0,8.0,4.09,0.0,0.15,1.55,1.2
2009-10-09T11:47:00Z,31.667,-64.167,300.9,18.534,36.578,36.578,26.361,204.0,2108.5,2391.2,50.8,3.13,1.93,6.0,3.04,0.0,0.61,1.39,1.4
2009-10-09T11:47:00Z,31.667,-64.167,400.3,18.107,36.544,36.544,26.447,205.3,2107.7,2389.0,49.3,2.84,1.89,6.9,3.13,0.0,0.62,1.41,0.9
2009-10-10T12:57:00Z,31.684,-64.178,5.3,26.835,36.297,36.296,23.751,201.2,2028.8,2371.3,66.6,14.68,4.28,4.5,0.0,0.0,0.04,1.27,3.2
2009-10-10T12:57:00Z,31.684,-64.178,9.4,26.837,36.301,36.301,23.753,201.3,2028.4,2372.0,66.7,21.0,4.79,4.2,0.0,0.0,0.04,1.35,5.5
2009-10-10T12:57:00Z,31.684,-64.178,20.1,26.876,36.319,36.319,23.755,200.2,2030.0,2373.4,66.6,27.33,5.07,5.0,0.0,0.0,0.04,1.68,6.8
2009-10-10T12:57:00Z,31.684,-64.178,39.7,26.888,36.325,36.325,23.757,202.9,2031.4,2373.8,66.9,17.07,4.62,4.8,0.0,0.0,0.05,1.82,6.0
2009-10-10T12:57:00Z,31.684,-64.178,58.8,25.019,36.584,36.61,24.539,209.6,2062.7,2389.8,65.5,19.24,5.01,4.4,0.0,0.0,0.05,1.76,6.0
2009-10-10T12:57:00Z,31.684,-64.178,79.4,22.689,36.698,36.699,25.318,209.5,2081.4,2401.0,64.1,19.23,5.46,4.4,0.0,0.0,0.04,1.77,5.5
2009-10-10T12:57:00Z,31.684,-64.178,99.0,21.607,36.709,36.707,25.635,203.3,2090.0,2399.0,59.9,16.07,4.61,4.3,0.69,0.098,0.07,2.23,3.4
2009-10-10T12:57:00Z,31.684,-64.178,121.1,20.588,36.693,36.694,25.903,203.1,2093.2,2397.9,57.9,6.93,3.35,4.8,1.23,0.029,0.07,2.26,2.8
2009-10-10T12:57:00Z,31.684,-64.178,139.9,20.088,36.673,36.673,26.023,203.3,2094.3,2397.4,57.0,4.55,2.91,4.6,1.34,0.0,0.07,2.38,2.8
2009-10-10T12:57:00Z,31.684,-64.178,160.8,19.753,36.657,36.655,26.101,204.6,2094.7,2395.7,56.0,3.92,2.51,5.1,1.35,0.0,0.08,1.96,2.3
2009-10-10T12:57:00Z,31.684,-64.178,201.8,19.328,36.632,36.631,26.195,206.6,2096.4,2393.8,55.0,2.34,2.51,4.9,1.82,0.0,0.07,2.93,1.4
2009-10-10T12:57:00Z,31.684,-64.178,249.9,18.934,36.616,36.618,26.287,204.1,2101.5,2393.2,52.6,4.85,2.91,5.9,2.45,0.0,0.13,3.1,1.6
2009-11-07T14:08:00Z,31.667,-64.166,299.9,18.678,36.596,36.598,26.339,202.0,2107.8,2392.4,50.6,5.93,1.29,5.9,3.33,0.0,0.12,1.21,1.8
2009-11-07T14:08:00Z,31.667,-64.166,400.0,18.138,36.55,36.55,26.444,202.9,2111.2,2389.2,48.5,5.03,1.29,7.0,4.34,0.0,0.14,1.45,0.8
2010-02-05T17:18:00Z,31.674,-64.174,4.7,19.107,36.629,36.627,26.241,222.6,2087.1,2397.8,59.1,20.75,4.61,4.5,0.97,0.293,0.04,0.94,5.6
2010-02-05T17:18:00Z,31.674,-64.174,10.6,19.107,36.629,36.627,26.241,223.8,2086.9,2393.0,59.0,22.66,4.73,4.5,0.96,0.283,0.0,0.96,5.2
2010-02-05T17:18:00Z,31.674,-64.174,21.1,19.112,36.63,36.627,26.24,222.5,2086.6,2393.3,59.0,19.89,4.55,4.6,0.95,0.283,0.0,0.96,5.4
2010-02-05T17:18:00Z,31.674,-64.174,43.6,19.113,36.629,36.627,26.241,223.5,2087.3,2393.3,59.0,20.85,4.55,4.3,0.96,0.293,0.0,0.96,5.4
2010-02-05T17:18:00Z,31.674,-64.174,59.9,19.114,36.629,36.63,26.242,222.6,2086.2,2393.3,59.0,20.46,4.78,4.7,0.95,0.283,0.0,0.96,5.1
2010-02-05T17:18:00Z,31.674,-64.174,79.8,19.118,36.63,36.627,26.242,222.3,2086.3,2393.1,59.3,23.11,4.84,4.4,0.97,0.293,0.0,0.95,5.1
2010-02-05T17:18:00Z,31.674,-64.174,100.3,19.121,36.629,36.631,26.242,222.1,2086.4,2393.1,59.0,24.2,4.67,4.3,0.96,0.283,0.0,0.99,5.0
2010-02-05T17:18:00Z,31.674,-64.174,120.3,19.128,36.629,36.63,26.241,222.1,2086.2,2393.1,59.6,29.67,4.55,5.0,0.96,0.293,0.04,0.92,5.6
2010-02-05T17:18:00Z,31.674,-64.174,140.8,19.128,36.629,36.627,26.242,221.7,2084.7,2392.9,59.0,17.34,4.26,4.9,0.98,0.293,0.0,1.01,5.5
2010-02-05T17:18:00Z,31.674,-64.174,160.6,19.132,36.629,36.628,26.242,222.4,2084.5,2393.2,57.8,21.07,4.61,4.6,0.98,0.293,0.0,0.97,4.9
2010-02-05T17:18:00Z,31.674,-64.174,200.6,19.044,36.619,36.615,26.258,218.3,2089.0,2392.4,56.3,17.04,4.08,5.0,1.47,0.234,0.04,1.02,4.2
2010-02-23T11:04:00Z,31.667,-64.167,399.1,17.877,36.51,36.51,26.478,200.9,2117.5,2386.3,49.9,7.3,1.48,7.6,5.21,0.0,0.3,1.81,0.9
2010-03-26T12:00:00Z,31.675,-64.171,299.9,17.992,36.546,36.547,26.473,211.5,2105.4,2375.4,51.6,8.91,1.5,6.6,2.57,0.039,0.09,1.41,1.5
2010-03-26T12:00:00Z,31.675,-64.171,397.1,17.705,36.512,36.516,26.522,213.4,2108.5,2385.3,48.2,4.62,1.38,6.7,3.41,0.0,0.2,1.6,1.3
2010-04-07T13:00:00Z,31.639,-64.199,10.1,18.87,36.623,36.622,26.298,247.8,2081.1,2393.8,63.6,135.72,13.95,4.6,0.0,0.0,0.0,0.61,9.5
2010-04-21T06:22:00Z,31.667,-64.168,300.3,18.013,36.536,36.535,26.46,200.8,2110.5,2386.9,49.8,6.27,1.39,7.6,4.12,0.0,0.09,1.66,1.3
2010-04-21T06:22:00Z,31.667,-64.168,399.4,17.318,36.416,36.416,26.543,191.9,2123.1,2379.3,47.7,4.06,1.32,8.7,6.4,0.0,0.17,2.33,1.2
2010-05-13T08:03:00Z,31.668,-64.164,299.9,17.866,36.535,36.532,26.495,209.3,2109.8,2387.1,50.8,16.45,3.23,7.4,4.29,0.0,0.17,0.72,1.9
2010-05-13T08:03:00Z,31.668,-64.164,400.3,17.392,36.448,36.45,26.549,202.7,2116.4,2381.3,49.4,6.72,1.65,8.4,5.76,0.0,0.12,0.67,1.3
2010-06-22T13:05:00Z,31.667,-64.166,400.5,17.334,36.444,36.448,26.56,204.5,2117.0,2378.0,48.7,8.08,0.96,8.7,4.99,0.0,0.22,1.14,1.9
2010-07-23T11:04:00Z,31.668,-64.162,299.3,18.062,36.553,36.56,26.461,205.6,2107.2,2388.5,50.2,8.46,1.14,7.0,4.42,0.0,0.29,1.32,0.7
2010-07-23T11:04:00Z,31.668,-64.162,400.5,17.448,36.445,36.445,26.533,194.3,2119.7,2382.0,49.6,6.98,1.48,8.5,6.28,0.0,0.27,1.74,0.7
2010-08-21T14:04:00Z,31.695,-64.159,9.7,28.725,36.662,36.67,23.408,196.3,2045.2,2396.2,66.9,21.27,3.38,4.4,0.19,0.0,0.0,1.06,4.4
2010-08-21T14:04:00Z,31.695,-64.159,19.4,28.403,36.671,36.677,23.523,198.9,2047.1,2396.6,66.3,21.42,3.69,4.3,0.19,0.0,0.0,1.06,6.2
2010-08-21T14:04:00Z,31.695,-64.159,39.4,23.752,36.79,36.792,25.076,230.1,2059.1,2404.4,65.4,26.71,4.25,4.3,0.22,0.0,0.0,1.81,6.8
2010-08-21T14:04:00Z,31.695,-64.159,60.2,21.399,36.743,36.743,25.716,222.6,2071.8,2401.2,64.5,25.04,4.31,4.0,0.21,0.0,0.0,1.28,7.1
2010-08-21T14:04:00Z,31.695,-64.159,78.5,20.043,36.66,36.668,26.022,220.1,2083.7,2396.1,63.4,24.41,4.69,4.2,0.45,0.098,0.0,1.33,4.7
2010-08-21T14:04:00Z,31.695,-64.159,100.4,19.536,36.686,36.684,26.177,198.0,2100.5,2397.5,61.2,15.53,3.37,5.2,0.21,0.0,0.0,1.33,3.2
2010-08-21T14:04:00Z,31.695,-64.159,119.8,19.122,36.649,36.652,26.258,199.4,2103.1,2395.1,58.1,12.13,1.8,5.2,0.38,0.078,0.0,1.41,2.5
2010-08-21T14:04:00Z,31.695,-64.159,138.2,18.826,36.627,36.627,26.318,206.7,2101.5,2393.6,57.1,7.61,2.05,5.4,1.53,0.0,0.0,0.85,2.3
2010-08-21T14:04:00Z,31.695,-64.159,160.2,18.662,36.618,36.617,26.354,204.6,2102.0,2392.8,55.6,5.33,1.24,5.3,2.03,0.0,0.0,1.45,1.8
2010-08-21T14:04:00Z,31.695,-64.159,199.3,18.456,36.603,36.6,26.396,205.7,2102.4,2391.9,54.5,10.23,1.48,5.9,2.36,0.0,0.0,1.59,1.9
2010-08-21T14:04:00Z,31.695,-64.159,249.0,18.303,36.587,36.587,26.425,206.8,2102.5,2390.7,52.7,14.23,1.8,6.3,2.52,0.0,0.0,3.56,1.6
2010-09-05T13:12:00Z,31.665,-64.171,300.2,17.881,36.528,36.528,26.487,205.6,2107.6,2386.8,51.0,14.66,1.65,7.3,4.35,0.0,0.16,1.75,0.9
2010-09-05T13:12:00Z,31.665,-64.171,399.4,17.384,36.462,36.46,26.561,209.1,2110.3,2382.4,49.3,7.27,1.65,7.7,4.96,0.0,0.17,1.99,0.9
2010-10-06T17:59:00Z,31.666,-64.175,400.7,17.739,36.507,36.506,26.51,202.2,2101.2,2384.7,49.1,5.75,1.18,8.4,4.94,0.0,0.12,1.76,1.1
2010-10-07T19:20:00Z,31.799,-63.988,301.1,18.085,36.562,36.563,26.462,204.0,2100.8,2388.4,50.7,7.46,0.91,7.7,4.01,0.0,0.16,1.52,0.3
2010-11-10T17:00:00Z,31.666,-64.169,297.8,18.108,36.561,36.559,26.455,205.1,2095.5,2389.9,51.0,11.34,0.86,7.2,3.97,0.0,0.1,1.46,1.2
2010-11-10T17:00:00Z,31.666,-64.169,401.3,17.608,36.486,36.487,26.526,203.2,2102.5,2385.1,50.4,10.49,0.78,8.5,5.07,0.0,0.11,1.76,1.3
2010-12-08T21:00:00Z,31.666,-64.165,298.2,17.964,36.544,36.545,26.478,200.8,2098.2,2388.9,51.0,7.06,1.13,7.1,4.26,0.0,0.17,3.16,1.5
2010-12-08T21:00:00Z,31.666,-64.165,399.5,17.424,36.46,36.461,26.55,200.7,2103.6,2383.2,50.1,10.95,1.31,8.0,5.27,0.0,0.16,4.72,1.3
2010-12-09T16:27:00Z,31.708,-64.147,3.9,22.191,36.645,36.643,25.416,210.3,2053.5,2395.6,65.4,22.33,4.38,4.3,0.13,0.0,0.0,0.38,4.5
2010-12-09T16:27:00Z,31.708,-64.147,9.0,22.195,36.645,36.644,25.415,209.6,2052.2,2395.6,64.4,22.95,4.57,4.1,0.13,0.0,0.0,0.41,6.1
2010-12-09T16:27:00Z,31.708,-64.147,19.5,22.192,36.644,36.646,25.416,213.4,2052.1,2395.5,64.5,23.43,4.63,3.6,0.13,0.0,0.0,0.43,5.9
2010-12-09T16:27:00Z,31.708,-64.147,39.7,22.181,36.642,36.641,25.419,209.6,2052.7,2395.8,65.0,22.9,4.37,3.6,0.13,0.0,0.0,0.49,6.0
2010-12-09T16:27:00Z,31.708,-64.147,60.1,22.161,36.637,36.636,25.422,214.3,2053.0,2394.9,64.4,22.98,5.35,4.0,0.14,0.0,0.0,0.51,6.3
2010-12-09T16:27:00Z,31.708,-64.147,78.9,22.143,36.632,36.632,25.424,210.3,2053.4,2394.7,63.7,18.91,4.12,4.3,0.14,0.0,0.0,0.52,5.8
2010-12-09T16:27:00Z,31.708,-64.147,98.7,22.086,36.624,36.626,25.436,212.6,2053.5,2394.1,61.4,21.57,4.83,4.6,0.2,0.0,0.0,0.56,5.7
2010-12-09T16:27:00Z,31.708,-64.147,119.7,20.703,36.673,36.671,25.857,192.2,2086.5,2397.4,58.8,10.89,2.54,5.3,1.99,0.049,0.06,0.94,2.9
2010-12-09T16:27:00Z,31.708,-64.147,139.2,19.858,36.651,36.653,26.068,192.2,2092.8,2397.3,56.6,9.91,2.28,5.4,2.41,0.0,0.06,1.12,2.8
2010-12-09T16:27:00Z,31.708,-64.147,159.9,19.271,36.63,36.632,26.206,194.0,2095.7,2396.6,53.8,10.43,2.02,5.3,2.72,0.0,0.08,1.38,1.9
2010-12-09T16:27:00Z,31.708,-64.147,199.0,18.711,36.611,36.612,26.337,196.3,2097.4,2392.5,52.8,7.42,1.76,5.6,3.03,0.0,0.09,1.72,2.0
2011-03-04T11:55:00Z,31.673,-64.163,301.8,18.411,36.598,36.598,26.408,212.9,2094.1,2391.1,52.3,17.69,1.99,7.0,3.14,0.0,0.1,1.01,1.8
2011-03-04T11:55:00Z,31.673,-64.163,401.6,17.812,36.516,36.515,26.499,201.4,2099.4,2385.7,51.5,8.26,1.27,7.6,4.83,0.0,0.25,1.46,1.1
2011-03-26T08:04:00Z,31.666,-64.165,297.0,18.25,36.62,36.62,26.465,218.9,2088.4,2393.4,51.1,8.31,1.92,6.8,2.47,0.039,0.09,1.2,2.5
2011-03-26T08:04:00Z,31.666,-64.165,403.3,18.088,36.591,36.59,26.488,217.2,2090.9,2392.0,49.9,11.46,1.79,7.1,2.88,0.0,0.13,1.36,2.4
2011-04-07T14:29:00Z,31.629,-64.16,140.9,18.349,36.627,36.638,26.439,220.8,2086.3,2392.1,56.0,15.72,2.03,5.8,2.07,0.107,0.1,1.17,6.1
2011-04-27T19:45:00Z,31.696,-64.204,300.2,17.99,36.582,36.582,26.501,220.7,2092.0,2399.2,50.3,7.92,2.18,7.2,3.16,0.0,0.12,1.1,0.5
2011-04-27T19:45:00Z,31.696,-64.204,400.3,17.449,36.459,36.459,26.544,200.8,2104.3,2386.9,48.3,11.79,2.27,8.8,5.91,0.0,0.25,1.83,0.4
2011-05-17T18:50:00Z,31.666,-64.162,400.3,17.556,36.488,36.488,26.54,205.1,2098.7,2386.2,49.6,5.67,1.21,7.7,4.78,0.0,0.2,1.87,1.8
2012-03-09T20:03:00Z,31.75,-64.156,300.1,18.127,36.578,36.587,26.464,205.5,2111.4,2394.7,49.9,6.73,1.69,7.8,3.73,0.0,0.0,1.65,1.5
2012-03-09T20:03:00Z,31.75,-64.156,400.0,17.76,36.525,36.526,26.518,206.6,2113.6,2390.5,48.4,7.72,1.17,8.0,4.37,0.0,0.07,1.86,1.4
2012-04-12T20:30:00Z,31.766,-64.111,299.8,18.099,36.573,36.572,26.467,204.0,2112.4,2398.2,52.0,18.9,1.36,7.8,4.14,0.0,0.19,0.77,1.6
2012-04-12T20:30:00Z,31.766,-64.111,399.6,17.683,36.513,36.512,26.528,205.2,2114.6,2386.9,50.7,10.27,0.85,8.7,4.82,0.0,0.23,1.01,1.4
2012-05-20T19:31:00Z,31.692,-64.259,300.6,18.158,36.572,36.571,26.451,200.6,2114.7,2390.8,50.1,4.9,1.26,8.1,4.38,0.0,0.19,1.09,1.6
2012-05-20T19:31:00Z,31.692,-64.259,400.5,17.662,36.499,36.499,26.523,201.1,2118.0,2388.7,48.8,8.22,2.19,10.2,5.28,0.0,0.24,1.45,1.3
2012-06-19T19:29:00Z,31.535,-64.112,299.8,18.171,36.575,36.573,26.451,199.8,2115.0,2393.4,50.5,4.47,1.23,7.6,4.47,0.0,0.19,1.16,2.0
2012-06-19T19:29:00Z,31.535,-64.112,400.4,17.665,36.499,36.497,26.522,200.5,2116.3,2383.0,48.9,4.46,1.19,10.2,5.41,0.0,0.25,1.47,1.8
2012-07-13T19:38:00Z,31.584,-64.303,398.9,16.94,36.351,36.352,26.586,189.9,2125.4,2372.4,49.1,1.94,2.03,10.0,7.25,0.0,0.26,3.01,0.1
2012-08-21T18:50:00Z,31.681,-64.218,299.7,18.099,36.569,36.57,26.467,199.4,2114.7,2394.6,50.4,8.46,2.78,8.1,4.58,0.0,0.21,1.67,1.3
2012-08-21T18:50:00Z,31.681,-64.218,399.5,17.529,36.479,36.479,26.543,198.6,2118.2,2389.8,49.1,6.9,2.61,9.8,5.58,0.0,0.27,2.01,1.1
2012-09-13T19:44:00Z,31.667,-64.201,300.2,17.99,36.553,36.554,26.482,201.5,2115.4,2396.8,50.1,9.14,1.44,9.6,4.25,0.0,0.21,1.44,0.9
2012-09-13T19:44:00Z,31.667,-64.201,400.8,17.483,36.472,36.473,26.548,200.5,2118.7,2391.5,49.2,5.83,1.14,10.6,5.21,0.0,0.25,1.81,0.9
2012-10-20T19:33:00Z,31.597,-64.238,299.9,18.425,36.592,36.592,26.403,194.5,2115.9,2395.5,50.7,6.61,1.2,8.1,3.69,0.0,0.16,1.49,0.8
2012-10-20T19:33:00Z,31.597,-64.238,399.5,17.911,36.541,36.542,26.497,201.3,2114.2,2393.8,49.0,7.0,0.81,10.0,4.31,0.0,0.2,1.7,0.5
2012-11-14T21:35:00Z,31.662,-64.166,299.2,18.273,36.58,36.578,26.432,195.7,2114.3,2385.1,50.9,11.05,0.79,7.6,4.04,0.0,0.17,1.58,1.0
2012-11-14T21:35:00Z,31.662,-64.166,398.7,17.678,36.495,36.495,26.519,197.1,2117.2,2382.4,49.3,16.02,0.88,9.7,5.11,0.0,0.24,2.01,0.7
2012-11-16T18:29:00Z,31.666,-64.167,798.2,10.153,35.335,35.334,27.209,150.3,2163.7,2338.3,45.7,17.42,1.08,23.9,20.89,0.0,1.37,12.31,0.6
2012-12-12T19:37:00Z,31.638,-64.043,300.3,18.169,36.572,36.571,26.452,196.3,2115.4,2385.3,49.6,19.82,1.38,5.9,4.45,0.0,0.2,1.52,1.7
2012-12-12T19:37:00Z,31.638,-64.043,398.8,17.663,36.496,36.494,26.523,195.6,2119.2,2378.6,48.1,19.69,1.61,10.4,5.37,0.0,0.25,1.93,1.4
2013-01-23T15:56:00Z,31.712,-64.114,39.1,21.056,36.564,36.563,25.675,218.5,2068.8,2389.7,66.0,15.92,3.95,4.8,0.0,0.029,0.0,0.68,6.9
2013-01-24T02:29:00Z,31.67,-64.163,299.7,18.145,36.547,36.547,26.439,196.3,2120.5,2383.7,51.0,7.05,0.7,7.5,4.3,0.0,0.2,1.47,1.5
2013-01-24T02:29:00Z,31.67,-64.163,399.8,17.552,36.465,36.466,26.526,195.5,2124.3,2381.8,50.1,7.28,0.54,9.3,5.46,0.0,0.27,1.88,1.1
2013-02-13T13:13:00Z,31.652,-64.162,39.9,19.676,36.548,36.549,26.034,222.4,2084.4,2384.4,63.6,24.13,3.97,4.7,0.15,0.078,0.0,0.68,6.5
2013-02-13T19:35:00Z,31.625,-64.153,300.7,18.108,36.544,36.543,26.445,196.7,2121.4,2392.6,51.2,5.35,0.7,8.3,4.13,0.0,0.17,1.74,1.3
2013-02-13T19:35:00Z,31.625,-64.153,398.1,17.633,36.486,36.487,26.523,197.1,2123.2,2386.4,50.3,5.36,0.61,10.0,5.64,0.0,0.23,1.94,1.1
2013-03-13T19:35:00Z,31.603,-64.215,300.0,18.245,36.55,36.55,26.416,194.6,2114.1,2394.8,51.0,5.17,1.19,7.9,4.37,0.0,0.2,1.49,1.3
2013-03-13T19:35:00Z,31.603,-64.215,401.3,17.558,36.471,36.471,26.529,194.8,2118.2,2390.9,49.6,4.6,1.24,9.4,5.78,0.0,0.28,1.96,0.8
2013-04-08T18:04:00Z,31.668,-64.168,299.2,18.094,36.548,36.548,26.452,195.2,2116.3,2385.1,51.1,14.49,6.48,7.6,5.68,0.0,0.25,1.69,1.9
2013-04-08T18:04:00Z,31.668,-64.168,400.9,17.441,36.453,36.453,26.544,198.5,2120.1,2381.6,49.5,9.57,1.72,8.6,6.29,0.0,0.34,2.11,1.1
2013-11-14T21:18:00Z,31.663,-64.172,297.1,17.917,36.518,36.518,26.473,195.1,2117.8,2380.8,49.8,4.33,1.24,8.4,4.82,0.0,0.24,1.49,1.4
2013-11-14T21:18:00Z,31.663,-64.172,397.3,17.375,36.429,36.428,26.542,191.2,2123.2,2384.2,48.5,2.98,1.06,10.0,6.35,0.0,0.34,1.98,1.2
2014-03-07T17:17:00Z,31.665,-64.15,249.9,18.822,36.556,36.555,26.272,206.3,2102.2,2386.9,52.2,4.45,0.35,6.9,2.58,0.0,0.17,1.28,2.3
2014-03-07T17:17:00Z,31.665,-64.15,301.4,18.645,36.548,36.547,26.314,211.4,2107.0,2385.8,50.5,4.12,0.0,7.9,2.62,0.0,0.17,1.3,2.0
2014-03-07T17:17:00Z,31.665,-64.15,401.6,18.348,36.547,36.545,26.392,205.3,2118.0,2379.5,48.4,3.92,0.0,9.3,3.5,0.0,0.23,1.47,1.8
2014-06-13T19:02:00Z,31.607,-64.109,300.3,18.299,36.547,36.547,26.4,196.9,2112.6,2407.1,50.4,3.48,0.58,7.8,3.95,0.0,0.2,1.01,1.3
2014-06-13T19:02:00Z,31.607,-64.109,399.1,17.669,36.476,36.477,26.506,194.7,2119.2,2400.3,48.6,3.2,0.58,9.3,5.31,0.0,0.29,1.1,1.3
2014-12-11T20:35:00Z,31.677,-64.165,498.5,16.765,36.324,36.328,26.611,187.1,2129.4,2382.3,48.6,3.31,0.49,11.0,7.78,0.059,0.28,3.6,1.6
2015-03-13T17:03:00Z,31.608,-64.189,139.1,19.904,36.517,36.517,25.955,222.7,2076.9,2394.7,58.2,31.94,7.7,4.0,0.47,0.312,0.0,1.65,6.2
2015-07-17T15:50:00Z,31.638,-64.164,9.3,27.678,36.38,36.379,23.54,200.7,2039.2,2383.8,66.6,22.56,3.6,4.9,0.08,0.078,0.07,0.17,7.0
2015-12-13T16:31:00Z,31.579,-64.177,3.5,23.157,36.472,36.472,25.008,213.9,2056.9,2390.6,69.2,29.45,3.9,2.5,0.0,0.0,0.0,0.64,7.4
2016-03-24T15:32:00Z,31.722,-64.142,80.0,20.596,36.63,36.63,25.853,218.8,2080.6,2402.5,64.1,30.98,6.61,4.1,0.17,0.029,0.05,0.0,6.2
2016-04-15T18:11:00Z,31.666,-64.17,604.0,15.208,36.028,36.028,26.745,176.2,2146.8,2370.7,47.8,9.34,0.0,13.2,12.03,0.0,0.72,5.09,1.4
2016-04-15T18:11:00Z,31.666,-64.17,704.2,13.293,35.725,35.725,26.921,163.3,2161.3,2352.5,46.6,4.65,1.42,17.3,17.33,0.0,1.1,8.57,1.6
2016-04-15T18:11:00Z,31.666,-64.17,898.6,8.863,35.199,35.208,27.317,153.1,2189.5,2328.3,46.7,8.07,1.93,25.0,22.26,0.0,1.48,13.97,1.4
2016-04-15T18:11:00Z,31.666,-64.17,1001.2,7.16,35.122,35.117,27.51,182.3,2186.4,2329.8,44.0,3.71,1.46,23.2,19.8,0.0,1.36,13.06,1.4
2016-05-04T18:15:00Z,31.666,-64.168,601.1,14.577,35.926,35.926,26.804,179.1,2144.8,2363.7,50.2,5.6,1.25,13.1,13.32,0.0,1.03,5.33,1.2
2016-05-04T18:15:00Z,31.666,-64.168,699.9,12.305,35.59,35.589,27.012,155.2,2157.3,2340.0,45.5,3.2,1.37,17.5,19.87,0.0,1.36,10.33,0.9
2016-05-04T18:15:00Z,31.666,-64.168,901.0,7.966,35.161,35.162,27.424,161.8,2128.3,2326.0,46.4,2.8,0.92,23.8,22.23,0.0,1.45,13.12,0.6
2016-05-04T18:15:00Z,31.666,-64.168,1000.7,6.743,35.116,35.116,27.563,186.4,2182.7,2320.7,47.5,5.44,1.17,22.7,20.85,0.0,1.42,13.11,0.6
2016-06-15T15:31:00Z,31.672,-64.249,19.0,25.158,36.519,36.519,24.444,207.4,2072.8,2391.3,66.5,11.74,1.34,3.7,0.0,0.0,0.07,0.0,4.7
2016-07-22T17:16:00Z,31.668,-64.167,600.6,14.942,35.989,36.437,26.773,196.4,2172.9,2319.7,61.6,14.94,2.55,6.6,12.8,0.0,0.45,5.01,1.9
2016-07-22T17:16:00Z,31.668,-64.167,700.2,12.93,35.677,35.679,26.957,160.8,2164.8,2346.3,45.7,4.0,2.01,18.7,18.65,0.0,0.68,8.49,0.9
2016-07-22T17:16:00Z,31.668,-64.167,801.3,10.526,35.357,35.36,27.161,143.0,2182.4,2329.2,44.7,4.04,0.73,21.8,22.81,0.0,0.96,12.07,0.8
2016-07-22T17:16:00Z,31.668,-64.167,1000.9,7.232,35.156,35.156,27.528,185.6,2183.5,2325.1,47.5,3.57,1.47,24.5,22.31,0.0,1.24,13.83,0.8
2016-07-23T17:09:00Z,31.689,-64.197,79.5,21.378,36.654,36.654,25.657,226.1,2077.5,2403.5,65.2,19.56,9.48,4.2,0.0,0.0,0.07,0.02,6.0
2016-08-17T18:05:00Z,31.667,-64.166,602.7,15.292,36.054,36.056,26.746,173.8,2148.5,2367.9,47.7,3.02,4.65,13.1,10.78,0.0,0.78,2.81,0.6
2016-08-17T18:05:00Z,31.667,-64.166,801.2,11.062,35.431,35.433,27.124,150.6,2180.0,2334.1,46.7,2.74,1.88,20.9,20.46,0.0,1.26,7.33,0.8
2016-08-17T18:05:00Z,31.667,-64.166,898.6,8.844,35.215,35.214,27.333,156.5,2190.5,2324.0,44.9,3.85,1.07,24.9,22.8,0.0,1.1,9.36,0.7
2016-08-17T18:05:00Z,31.667,-64.166,999.4,7.213,35.125,35.126,27.506,183.3,2185.9,2321.8,46.4,3.98,0.27,22.8,21.12,0.0,1.01,10.92,0.7
2016-08-19T15:30:00Z,31.709,-64.151,10.0,29.306,36.499,36.499,23.088,196.4,2046.3,2388.2,72.9,9.3,1.05,3.2,0.0,0.0,0.0,0.58,3.2
2016-08-19T15:30:00Z,31.709,-64.151,201.5,19.552,36.585,36.586,26.103,203.7,2049.0,2391.7,53.8,9.5,3.98,4.8,1.73,0.0,0.06,0.89,2.1
2016-09-20T18:01:00Z,31.667,-64.167,601.6,15.663,36.121,36.122,26.715,175.7,2144.5,2378.9,47.0,5.93,2.7,12.3,12.74,0.0,0.72,4.24,1.0
2016-09-20T18:01:00Z,31.667,-64.167,797.8,11.397,35.467,35.466,27.091,149.2,2176.3,2337.5,47.0,6.64,2.29,21.0,23.95,0.0,1.47,11.86,0.8
2016-09-20T18:01:00Z,31.667,-64.167,898.2,9.103,35.235,35.236,27.307,153.5,2187.0,2330.6,44.7,5.04,2.62,25.3,24.41,0.0,1.53,13.34,0.8
2016-09-20T18:01:00Z,31.667,-64.167,1003.1,7.438,35.133,35.134,27.48,177.8,2183.3,2326.2,45.4,5.39,1.43,23.7,23.05,0.0,1.45,13.45,0.8
2016-09-21T15:31:00Z,31.645,-64.202,162.2,20.211,36.596,36.597,25.935,207.5,2091.3,2399.0,56.0,10.27,0.0,5.0,0.83,0.0,0.0,0.74,2.4
2016-09-21T19:23:00Z,31.641,-64.224,299.7,18.996,36.572,36.572,26.242,193.6,2112.7,2398.7,51.2,9.74,1.84,6.1,3.14,0.0,0.13,1.14,1.0
2016-10-19T15:04:00Z,31.628,-64.138,20.3,26.168,36.816,36.815,24.354,206.2,2056.7,2412.2,69.5,23.2,7.15,3.9,0.0,0.0,0.04,0.88,3.8
2016-10-19T19:03:00Z,31.604,-64.19,501.2,16.998,36.345,36.346,26.572,184.4,2135.7,2380.1,48.8,5.95,0.0,9.8,7.69,0.0,0.24,2.64,0.8
2016-10-20T20:27:00Z,31.67,-64.169,600.4,15.097,36.013,36.016,26.757,176.9,2149.5,2359.3,46.2,6.97,1.31,12.8,11.29,0.0,0.54,4.39,0.8
2016-10-20T20:27:00Z,31.67,-64.169,705.7,12.846,35.667,35.675,26.966,162.5,2167.1,2341.7,42.8,8.04,1.34,18.2,16.25,0.0,0.88,7.44,0.8
2016-10-20T20:27:00Z,31.67,-64.169,802.4,10.598,35.371,35.374,27.16,147.5,2184.4,2331.0,44.2,9.58,0.0,23.1,21.45,0.0,0.99,11.6,0.8
2016-10-20T20:27:00Z,31.67,-64.169,899.7,8.511,35.194,35.196,27.368,160.1,2189.1,2323.0,44.2,4.61,0.0,24.9,22.77,0.0,1.42,13.84,0.6
2016-10-20T20:27:00Z,31.67,-64.169,1002.3,6.995,35.122,35.122,27.533,186.0,2186.8,2321.2,43.3,5.34,0.72,23.3,21.74,0.0,1.36,14.2,0.7
2016-11-19T18:32:00Z,31.661,-64.167,701.8,13.109,35.696,35.699,26.936,159.2,2166.5,2344.4,47.4,2.22,1.01,17.4,16.52,0.0,0.97,7.42,1.0
2016-11-19T18:32:00Z,31.661,-64.167,899.4,9.007,35.221,35.222,27.312,153.0,2188.2,2323.6,45.9,3.84,1.24,23.9,23.13,0.0,1.47,13.54,0.8
2016-11-19T18:32:00Z,31.661,-64.167,1000.7,7.163,35.13,35.135,27.516,184.7,2185.2,2324.6,44.7,5.03,1.12,22.5,21.86,0.0,0.87,13.86,0.7
2016-11-20T16:35:00Z,31.653,-64.18,80.6,22.811,36.639,36.632,25.239,212.5,2065.4,2401.0,72.0,16.02,3.36,3.8,0.0,0.0,0.0,0.83,4.5
2016-12-13T18:44:00Z,31.667,-64.166,702.6,12.759,35.647,35.648,26.967,155.6,2168.2,2344.8,49.9,2.41,0.55,19.5,17.52,0.0,0.53,8.12,0.9
2016-12-13T18:44:00Z,31.667,-64.166,801.5,10.343,35.331,35.335,27.173,142.5,2186.5,2336.0,45.2,1.45,0.0,23.0,22.65,0.0,0.71,12.44,0.7
2016-12-13T18:44:00Z,31.667,-64.166,903.0,8.408,35.175,35.176,27.369,158.2,2183.0,2321.0,46.9,3.44,0.33,24.1,23.3,0.0,0.76,14.16,0.8
2016-12-13T18:44:00Z,31.667,-64.166,1000.0,7.03,35.122,35.122,27.529,186.2,2183.4,2319.2,46.6,1.67,0.0,22.4,21.71,0.0,0.64,14.01,0.8
2017-01-06T22:24:00Z,31.663,-64.164,601.6,15.425,36.062,36.069,26.723,173.3,2149.9,2366.1,47.9,2.4,1.86,12.4,11.28,0.0,0.62,4.29,0.9
2017-01-06T22:24:00Z,31.663,-64.164,700.2,12.553,35.62,35.62,26.987,154.6,2165.6,2346.1,45.1,2.16,0.0,18.1,17.89,0.0,1.04,8.41,0.9
2017-01-06T22:24:00Z,31.663,-64.164,798.8,9.941,35.289,35.288,27.209,143.8,2189.7,2333.1,45.9,3.79,1.97,24.9,23.03,0.0,0.76,13.09,0.9
2017-01-06T22:24:00Z,31.663,-64.164,899.0,8.092,35.154,35.153,27.4,163.2,2188.6,2322.3,45.8,3.18,3.06,22.8,23.2,0.0,1.43,14.28,0.8
2017-01-06T22:24:00Z,31.663,-64.164,998.7,6.54,35.106,35.106,27.582,199.3,2175.8,2324.4,44.8,1.81,0.04,21.9,20.98,0.0,0.9,13.67,0.7
2017-01-07T17:03:00Z,31.694,-64.2,61.2,21.547,36.693,36.696,25.639,217.4,2077.2,2404.9,66.6,22.88,3.67,2.9,0.0,0.0,0.0,0.84,5.7
2017-02-18T23:28:00Z,31.757,-64.255,500.8,16.611,36.275,36.276,26.61,183.6,2134.9,2380.8,47.7,1.82,0.78,9.3,8.33,0.0,0.27,2.95,0.9
2017-02-19T17:35:00Z,31.767,-64.194,120.8,20.656,36.726,36.727,25.913,217.7,2090.4,2418.1,62.5,8.22,1.27,4.9,0.16,0.068,0.0,0.74,5.2
2017-02-20T07:22:00Z,31.663,-64.166,600.5,14.694,35.957,35.956,26.802,178.4,2152.6,2375.1,45.8,3.31,0.6,11.9,11.86,0.0,0.68,4.58,0.9
2017-02-20T07:22:00Z,31.663,-64.166,701.7,12.793,35.676,35.678,26.983,170.1,2161.3,2348.7,46.3,4.15,1.02,19.6,15.72,0.0,0.93,6.95,0.9
2017-02-20T07:22:00Z,31.663,-64.166,798.3,10.763,35.418,35.414,27.167,155.9,2181.6,2349.0,45.3,3.48,0.46,20.1,20.35,0.0,1.19,10.56,0.8
2017-04-09T18:09:00Z,31.668,-64.162,601.1,16.065,36.176,36.177,26.665,177.2,2144.0,2373.3,43.8,4.25,1.08,11.4,9.93,0.0,0.24,3.73,1.1
2017-04-09T18:09:00Z,31.668,-64.162,699.4,14.02,35.838,35.843,26.858,165.9,2158.2,2355.9,42.8,4.4,1.04,15.4,13.65,0.205,0.77,5.51,0.9
2017-04-09T18:09:00Z,31.668,-64.162,799.3,12.188,35.568,35.569,27.02,155.3,2173.0,2341.3,43.9,3.47,1.08,19.7,18.56,0.0,0.55,8.89,0.9
2017-04-10T15:34:00Z,31.641,-64.189,2.5,20.454,36.74,36.737,25.971,225.0,2088.9,2406.7,51.6,27.8,4.83,2.5,0.0,0.0,0.0,0.96,4.4
2017-04-10T15:34:00Z,31.641,-64.189,9.9,20.458,36.74,36.739,25.971,223.5,2088.5,2407.8,57.7,28.37,4.65,2.0,0.0,0.0,0.0,0.92,4.3
2017-04-10T15:34:00Z,31.641,-64.189,19.5,20.448,36.74,36.742,25.974,224.0,2087.7,2408.1,58.4,24.96,4.43,3.6,0.0,0.0,0.0,0.98,4.8
2017-04-10T15:34:00Z,31.641,-64.189,39.6,20.405,36.737,36.737,25.985,223.7,2087.1,2406.7,52.1,30.16,5.28,3.0,0.0,0.0,0.0,0.88,3.9
2017-04-10T15:34:00Z,31.641,-64.189,60.6,20.214,36.727,36.724,26.029,223.4,2088.1,2405.5,45.0,25.5,4.94,2.1,0.0,0.0,0.0,0.89,4.0
2017-04-10T15:34:00Z,31.641,-64.189,80.1,19.999,36.693,36.688,26.062,217.7,2092.0,2402.3,56.1,19.24,4.03,3.0,0.46,0.137,0.0,0.94,3.8
2017-04-10T15:34:00Z,31.641,-64.189,101.8,19.994,36.697,36.7,26.067,220.3,2092.0,2409.6,54.7,21.84,4.43,2.7,0.26,0.098,0.0,0.94,3.8
2017-04-10T15:34:00Z,31.641,-64.189,119.3,19.945,36.691,36.69,26.076,219.2,2094.8,2412.2,47.7,18.9,4.03,2.6,0.41,0.137,0.0,0.92,3.7
2017-04-10T15:34:00Z,31.641,-64.189,139.0,19.77,36.644,36.645,26.088,212.0,2097.3,2401.3,45.4,12.08,2.02,2.3,1.08,0.068,0.0,1.0,3.0
2017-04-10T15:34:00Z,31.641,-64.189,160.5,19.732,36.641,36.64,26.097,213.9,2097.0,2399.3,52.7,15.08,2.48,3.2,1.04,0.068,0.0,0.99,2.8
2017-04-10T15:34:00Z,31.641,-64.189,200.4,19.673,36.644,36.643,26.117,219.5,2094.4,2399.8,49.0,9.84,1.73,2.7,0.88,0.059,0.0,1.04,2.8
2017-04-10T15:34:00Z,31.641,-64.189,251.5,19.345,36.594,36.595,26.167,202.7,2109.9,2404.5,41.8,8.48,1.34,3.5,2.25,0.0,0.09,1.2,2.1
2017-05-09T17:19:00Z,31.666,-64.159,800.7,12.02,35.55,35.549,27.039,153.8,2174.9,2341.7,43.6,12.87,0.43,21.0,18.8,0.0,0.59,9.18,1.0
2017-05-09T17:19:00Z,31.666,-64.159,899.2,9.754,35.263,35.263,27.222,142.8,2191.3,2326.3,43.9,13.03,2.38,26.4,23.5,0.0,0.91,13.64,1.0
2017-05-09T17:19:00Z,31.666,-64.159,1002.1,7.979,35.16,35.161,27.423,169.2,2191.9,2337.9,41.4,9.44,1.28,24.1,22.61,0.0,1.44,14.06,1.0
2017-05-10T16:19:00Z,31.651,-64.108,4.2,23.187,36.834,36.835,25.274,216.4,2086.0,2415.1,60.7,25.11,3.81,3.6,0.0,0.0,0.0,0.89,4.3
2017-05-10T16:19:00Z,31.651,-64.108,9.6,22.77,36.826,36.825,25.389,215.8,2082.8,2412.5,63.2,29.38,4.58,1.8,0.0,0.0,0.0,0.88,3.9
2017-05-10T16:19:00Z,31.651,-64.108,19.7,22.724,36.825,36.825,25.403,216.2,2082.6,2412.3,62.5,34.49,4.04,1.5,0.0,0.0,0.0,0.88,3.8
2017-05-10T16:19:00Z,31.651,-64.108,60.5,21.403,36.785,36.785,25.749,219.9,2083.5,2412.4,61.9,37.88,2.65,1.9,0.0,0.0,0.0,0.86,5.4
2017-05-10T16:19:00Z,31.651,-64.108,80.4,21.019,36.785,36.784,25.856,218.9,2087.6,2409.5,61.4,36.33,4.58,2.2,0.0,0.0,0.0,0.85,4.6
2017-05-10T16:19:00Z,31.651,-64.108,100.0,20.66,36.731,36.732,25.914,207.7,2093.6,2409.9,55.1,34.78,4.75,2.5,0.32,0.029,0.0,0.84,3.6
2017-05-10T16:19:00Z,31.651,-64.108,119.6,20.25,36.684,36.684,25.99,204.5,2095.0,2406.8,51.9,23.77,3.98,3.7,0.67,0.039,0.0,0.92,3.5
2017-05-10T16:19:00Z,31.651,-64.108,159.7,19.87,36.662,36.66,26.076,216.0,2095.6,2401.7,55.8,27.03,1.99,3.5,0.75,0.088,0.0,0.83,4.7
2017-05-10T16:19:00Z,31.651,-64.108,200.5,19.643,36.645,36.645,26.125,218.2,2093.3,2401.5,53.8,21.03,3.26,4.1,0.97,0.0,0.0,1.0,2.7
2017-05-10T16:19:00Z,31.651,-64.108,251.4,19.318,36.608,36.606,26.184,205.0,2105.2,2398.4,52.0,15.91,2.21,4.2,2.07,0.0,0.04,1.16,2.1
2017-05-10T20:43:00Z,31.65,-64.075,601.4,16.003,36.174,36.175,26.678,174.7,2141.9,2373.4,42.6,10.7,1.28,10.8,9.83,0.0,0.25,3.55,0.9
2017-06-13T17:19:00Z,31.666,-64.167,603.2,15.458,36.077,36.079,26.727,176.0,2148.9,2377.4,46.8,19.85,0.66,12.4,10.9,0.0,0.33,4.17,1.1
2017-06-13T17:19:00Z,31.666,-64.167,798.5,11.173,35.447,35.446,27.116,149.7,2180.1,2349.8,39.8,15.99,1.93,19.3,20.33,0.0,1.21,10.63,0.9
2017-06-13T17:19:00Z,31.666,-64.167,900.2,9.091,35.225,35.227,27.301,150.7,2190.7,2327.9,47.7,17.97,2.26,24.6,23.03,0.0,0.64,13.6,0.8
2017-06-13T17:19:00Z,31.666,-64.167,998.2,7.448,35.133,35.132,27.478,175.0,2191.5,2323.5,44.1,13.41,1.6,23.9,22.51,0.0,1.4,14.54,0.8
2017-06-14T17:19:00Z,31.649,-64.147,60.2,20.724,36.713,36.713,25.881,217.9,2081.9,2409.0,58.5,46.68,3.56,2.8,0.0,0.0,0.0,0.73,7.0
2017-07-18T17:04:00Z,31.667,-64.167,804.2,10.655,35.362,35.361,27.143,141.6,2185.9,2331.5,42.9,8.18,0.53,23.5,22.18,0.029,0.67,12.12,0.9
2017-07-19T16:07:00Z,31.661,-64.134,9.5,27.929,36.589,36.594,23.615,200.1,2055.6,2392.2,64.7,31.29,3.96,1.8,0.0,0.0,0.0,0.39,6.2
2017-07-19T16:07:00Z,31.661,-64.134,160.8,19.442,36.646,36.643,26.177,217.8,2102.7,2398.4,51.0,16.46,2.31,3.8,1.44,0.0,0.07,0.61,2.7
2017-07-19T21:40:00Z,31.642,-64.138,599.2,15.576,36.087,36.09,26.708,176.3,2146.3,2368.3,46.6,13.06,2.31,11.4,9.97,0.078,0.53,3.85,1.2
2017-08-16T15:31:00Z,31.676,-64.169,20.0,28.979,36.829,36.83,23.447,197.7,2068.9,2417.3,67.4,36.37,2.72,1.6,0.0,0.254,0.0,0.81,5.7
2017-08-16T15:31:00Z,31.676,-64.169,160.3,19.473,36.631,36.628,26.157,208.0,2111.2,2404.6,51.7,13.86,0.0,4.2,1.58,0.234,0.08,1.14,2.2
2017-09-12T19:10:00Z,31.677,-64.172,600.8,16.048,36.161,36.163,26.657,180.4,2143.2,2376.5,49.8,21.85,2.72,10.3,9.67,0.0,0.31,3.58,1.9
2017-09-12T19:10:00Z,31.677,-64.172,695.8,14.0,35.829,35.829,26.855,160.6,2165.4,2359.4,46.6,14.68,0.43,17.3,14.89,0.0,0.49,6.27,1.6
2017-09-12T19:10:00Z,31.677,-64.172,800.7,11.395,35.46,35.465,27.086,147.6,2180.5,2339.8,46.6,11.67,0.21,23.9,20.51,0.0,0.71,10.42,1.5
2017-09-12T19:10:00Z,31.677,-64.172,907.2,9.133,35.227,35.226,27.296,150.9,2191.5,2327.8,45.9,13.18,0.54,27.0,23.25,0.0,1.02,13.64,1.0
2017-09-12T19:10:00Z,31.677,-64.172,1001.7,7.447,35.137,35.138,27.482,175.8,2185.2,2322.5,43.4,12.87,1.6,23.2,22.59,0.0,0.75,14.34,1.0
2017-10-19T07:33:00Z,31.666,-64.169,699.9,13.516,35.759,35.759,26.901,158.7,2164.6,2354.5,45.7,14.84,2.51,15.6,15.84,0.0,0.5,6.97,0.5
2017-10-19T07:33:00Z,31.666,-64.169,797.3,10.929,35.392,35.392,27.118,140.6,2185.4,2337.4,42.7,14.29,2.96,23.5,21.9,0.0,0.81,11.81,0.7
2017-10-19T07:33:00Z,31.666,-64.169,897.6,8.644,35.19,35.189,27.344,157.4,2185.8,2328.7,42.3,12.45,2.08,25.1,22.97,0.0,0.93,13.98,0.8
2017-10-19T07:33:00Z,31.666,-64.169,1000.7,6.927,35.121,35.121,27.542,189.1,2185.6,2325.2,43.1,10.34,0.58,23.3,21.53,0.0,0.71,13.9,0.6
2017-11-17T19:05:00Z,31.668,-64.17,600.7,16.246,36.198,36.199,26.64,176.1,2147.8,2387.5,45.6,9.78,0.74,10.9,9.73,0.0,0.5,3.53,0.9
2017-11-17T19:05:00Z,31.668,-64.17,702.0,14.342,35.887,35.89,26.828,158.8,2162.0,2359.7,43.6,8.47,0.74,15.1,14.52,0.0,0.46,5.94,1.0
2017-11-17T19:05:00Z,31.668,-64.17,802.8,11.738,35.502,35.506,27.055,146.7,2176.4,2343.8,42.6,9.11,0.91,22.4,20.05,0.0,1.2,9.98,1.0
2017-11-17T19:05:00Z,31.668,-64.17,1000.8,7.485,35.13,35.13,27.471,174.8,2180.5,2325.3,42.2,12.29,0.94,22.9,22.82,0.0,1.37,14.26,0.9
2017-12-12T18:20:00Z,31.665,-64.165,699.6,13.546,35.758,35.759,26.894,160.8,2165.0,2353.8,45.2,6.08,0.44,16.9,15.71,0.0,0.62,6.75,1.0
2017-12-12T18:20:00Z,31.665,-64.165,799.0,11.154,35.436,35.437,27.111,149.1,2172.9,2331.7,43.4,6.96,0.57,22.5,20.72,0.0,0.8,10.71,0.9
2018-01-15T18:05:00Z,31.668,-64.164,602.9,16.695,36.276,36.285,26.596,175.9,2140.8,2377.5,44.9,14.2,1.13,10.0,8.89,0.0,0.48,3.18,1.0
2018-01-16T16:35:00Z,31.707,-64.156,140.2,20.857,36.7,36.701,25.839,213.3,2083.4,2404.0,54.0,15.22,1.94,4.2,0.35,0.127,0.0,0.8,4.9
2018-02-10T19:15:00Z,31.669,-64.158,604.1,14.314,35.883,35.885,26.827,165.6,2156.0,2359.5,51.6,10.39,0.79,16.3,13.6,0.0,0.5,5.6,1.0
2018-02-10T19:15:00Z,31.669,-64.158,701.0,11.788,35.513,35.515,27.051,147.2,2177.0,2342.7,46.5,10.33,0.62,21.1,19.6,0.0,0.73,9.98,0.8
2018-02-10T19:15:00Z,31.669,-64.158,800.8,9.657,35.26,35.26,27.234,142.7,2191.5,2331.0,46.3,7.66,0.95,25.8,23.3,0.0,1.03,13.57,0.8
2018-02-10T19:15:00Z,31.669,-64.158,1002.0,6.551,35.111,35.112,27.585,198.3,2180.0,2322.1,43.4,5.54,0.75,23.1,20.78,0.0,0.76,13.7,0.7
2018-03-14T16:33:00Z,31.673,-64.161,299.0,17.637,36.427,36.429,26.472,191.1,2128.8,2388.6,46.1,7.19,1.04,7.9,5.73,0.0,0.23,2.03,1.0
2018-03-14T16:33:00Z,31.673,-64.161,403.4,16.166,36.187,36.19,26.642,179.0,2141.8,2374.0,43.8,7.4,0.85,11.3,9.4,0.0,0.37,3.46,1.0
2018-03-14T16:33:00Z,31.673,-64.161,497.0,14.189,35.856,35.858,26.829,174.1,2153.9,2356.4,44.7,5.61,0.81,14.4,13.09,0.0,0.74,5.42,1.0
2018-03-14T16:33:00Z,31.673,-64.161,601.7,11.989,35.541,35.542,27.031,151.5,2175.1,2343.1,43.0,5.47,0.64,20.7,18.95,0.0,1.13,9.37,1.1
2018-03-14T16:33:00Z,31.673,-64.161,699.5,9.725,35.269,35.268,27.227,144.1,2187.6,2328.1,42.6,5.07,0.44,24.0,23.18,0.0,1.43,13.4,0.9
2018-03-14T16:33:00Z,31.673,-64.161,803.2,7.939,35.169,35.169,27.432,168.8,2185.3,2323.3,40.4,2.6,0.49,24.6,22.46,0.0,1.4,14.03,0.8
2018-03-14T16:33:00Z,31.673,-64.161,903.5,6.632,35.125,35.125,27.584,193.7,2181.8,2323.6,41.2,5.88,0.77,23.6,21.29,0.0,1.35,14.27,0.6
2018-03-14T16:33:00Z,31.673,-64.161,1002.4,5.897,35.105,35.103,27.664,215.6,2175.4,2323.3,39.5,7.2,0.85,21.4,19.92,0.0,1.06,13.43,0.7
2018-03-15T12:15:00Z,31.653,-64.185,3.6,20.226,36.776,36.779,26.061,221.1,2092.8,2409.6,59.4,62.99,9.8,4.3,0.05,0.0,0.0,0.79,6.4
2018-03-25T21:05:00Z,31.67,-64.158,302.8,17.623,36.433,36.433,26.481,186.7,2129.7,2390.3,44.2,4.26,0.74,8.0,5.96,0.0,0.29,2.19,0.8
2018-03-25T21:05:00Z,31.67,-64.158,400.1,16.135,36.18,36.18,26.644,179.6,2142.3,2374.9,45.6,4.3,0.86,10.6,9.4,0.0,0.16,3.41,0.9
2018-04-13T13:19:00Z,31.669,-64.167,604.2,12.69,35.641,35.642,26.973,155.3,2169.1,2342.7,45.0,4.74,0.22,18.5,17.46,0.0,1.04,8.15,1.0
2018-04-13T13:19:00Z,31.669,-64.167,703.4,10.042,35.308,35.311,27.204,145.1,2184.7,2326.8,41.9,4.24,0.75,23.8,22.45,0.0,1.39,12.65,0.9
2018-04-13T13:19:00Z,31.669,-64.167,801.3,8.274,35.183,35.183,27.393,162.5,2186.4,2322.1,43.4,3.57,1.11,23.8,22.76,0.0,1.44,14.01,0.8
2018-04-13T13:19:00Z,31.669,-64.167,900.1,6.972,35.131,35.132,27.542,184.2,2183.2,2323.6,43.0,3.71,0.58,24.9,22.0,0.0,1.41,14.49,0.8
2018-04-13T13:19:00Z,31.669,-64.167,999.9,6.15,35.111,35.111,27.637,206.6,2178.5,2322.5,41.2,3.04,0.38,21.5,20.55,0.0,1.33,13.95,0.8
2018-04-14T14:34:00Z,31.675,-64.191,200.8,18.539,36.549,36.549,26.337,197.9,2119.1,2391.7,48.4,7.6,0.97,6.1,3.68,0.0,0.17,1.4,2.2
2018-04-26T17:33:00Z,31.757,-64.198,40.8,20.945,36.795,36.796,25.882,224.8,2093.6,2409.9,62.1,32.12,4.28,2.8,0.0,0.0,0.0,0.81,4.4
2018-04-26T17:33:00Z,31.757,-64.198,80.5,19.962,36.772,36.771,26.132,223.7,2093.8,2406.5,58.4,37.04,5.92,3.0,0.0,0.0,0.0,0.81,7.5
2018-04-26T17:33:00Z,31.757,-64.198,251.5,18.07,36.495,36.495,26.415,195.7,2125.2,2393.1,47.6,7.7,0.94,6.4,4.69,0.0,0.18,1.7,2.3
2018-05-23T17:08:00Z,31.664,-64.168,599.3,15.22,36.033,36.033,26.745,170.3,2155.2,2370.5,45.7,5.96,0.53,13.6,11.81,0.0,0.49,4.55,0.9
2018-05-23T17:08:00Z,31.664,-64.168,800.2,10.447,35.348,35.347,27.168,142.5,2186.2,2333.7,44.5,4.45,0.41,23.5,22.28,0.0,1.37,12.42,0.9
2018-05-23T17:08:00Z,31.664,-64.168,902.0,8.395,35.18,35.175,27.375,157.3,2191.2,2325.7,42.7,4.6,0.37,25.3,23.37,0.0,1.27,14.48,0.8
2018-05-23T17:08:00Z,31.664,-64.168,1003.9,6.811,35.103,35.103,27.544,181.2,2187.5,2336.8,40.7,4.46,0.24,24.4,22.74,0.0,1.46,15.52,0.6
2018-05-24T16:36:00Z,31.689,-64.065,140.2,19.479,36.691,36.69,26.201,213.2,2103.9,2404.8,54.4,11.83,2.12,3.8,1.41,0.029,0.0,1.02,3.5
2018-06-13T17:30:00Z,31.67,-64.166,597.6,14.357,35.893,35.893,26.825,168.3,2160.2,2365.5,47.4,4.97,0.76,16.0,13.42,0.0,0.77,5.47,1.2
2018-06-13T17:30:00Z,31.67,-64.166,699.0,12.432,35.607,35.612,27.001,155.8,2172.9,2341.4,46.6,4.64,0.56,19.3,17.81,0.0,1.06,8.49,1.0
2018-06-13T17:30:00Z,31.67,-64.166,801.4,9.64,35.271,35.276,27.245,146.0,2188.3,2330.8,47.7,6.65,0.93,26.5,23.03,0.0,1.43,13.31,0.9
2018-06-13T17:30:00Z,31.67,-64.166,897.6,8.042,35.15,35.157,27.404,159.3,2188.7,2321.4,44.5,6.79,0.43,27.0,23.8,0.0,1.5,15.1,0.8
2018-06-13T17:30:00Z,31.67,-64.166,1000.6,6.915,35.126,35.124,27.547,189.0,2184.4,2323.0,44.9,5.24,0.72,23.7,21.62,0.0,1.38,14.1,0.8
2018-07-18T09:33:00Z,31.665,-64.167,601.2,12.591,35.632,35.633,26.985,156.7,2173.9,2350.6,48.8,5.45,1.23,20.4,17.38,0.0,1.04,8.24,1.9
2018-07-18T09:33:00Z,31.665,-64.167,701.4,10.0,35.307,35.307,27.21,146.3,2187.2,2333.1,45.5,5.84,0.74,26.4,22.25,0.0,1.39,12.5,1.1
2018-07-18T09:33:00Z,31.665,-64.167,800.4,8.652,35.198,35.197,27.347,156.4,2189.7,2329.7,46.1,6.69,0.78,26.4,22.97,0.0,1.41,13.92,0.9
2018-07-18T09:33:00Z,31.665,-64.167,899.7,7.398,35.136,35.136,27.487,176.9,2200.0,2339.2,45.9,6.5,0.86,26.3,22.27,0.0,1.43,14.3,0.8
2018-07-18T09:33:00Z,31.665,-64.167,1000.4,6.347,35.101,35.102,27.604,199.6,2181.4,2325.0,45.8,2.88,0.74,25.2,21.14,0.0,1.34,14.28,0.9
2018-07-21T14:01:00Z,31.653,-64.148,9.4,27.035,36.501,36.502,23.84,203.4,2062.6,2395.1,69.6,24.34,3.39,3.3,0.0,0.0,0.0,0.86,3.7
2018-07-21T14:01:00Z,31.653,-64.148,199.9,19.131,36.643,36.643,26.257,207.6,2113.5,2407.4,55.0,14.29,1.54,5.3,2.28,0.0,0.06,1.13,2.1
2018-08-13T17:19:00Z,31.665,-64.166,600.9,12.985,35.685,35.683,26.949,158.4,2171.9,2350.1,48.1,3.73,0.42,18.9,16.73,0.0,0.83,7.56,0.8
2018-08-13T17:19:00Z,31.665,-64.166,700.4,10.749,35.39,35.392,27.145,146.4,2186.4,2335.3,47.7,6.48,0.62,18.3,21.38,0.0,1.19,11.43,0.8
2018-08-13T17:19:00Z,31.665,-64.166,801.4,8.751,35.203,35.209,27.335,153.7,2190.9,2326.6,44.5,4.73,0.42,18.3,23.38,0.0,1.43,14.02,0.7
2018-08-13T17:19:00Z,31.665,-64.166,1001.2,6.234,35.099,35.099,27.616,202.9,2185.8,2326.7,44.7,5.4,0.42,21.2,21.04,0.0,1.33,14.1,0.4
2018-09-11T17:08:00Z,31.666,-64.164,601.4,14.575,35.921,35.928,26.8,171.5,2155.5,2360.1,48.0,5.76,0.55,17.2,12.72,0.0,0.5,5.13,1.3
2018-09-11T17:08:00Z,31.666,-64.164,699.9,12.156,35.568,35.571,27.024,155.4,2172.4,2342.3,48.9,5.25,0.79,21.3,18.28,0.0,0.73,8.84,1.1
2018-09-11T17:08:00Z,31.666,-64.164,799.2,9.845,35.287,35.286,27.224,144.8,2187.6,2329.1,46.2,4.3,0.51,27.5,22.9,0.0,0.99,13.06,1.0
2018-09-11T17:08:00Z,31.666,-64.164,900.9,8.334,35.209,35.208,27.407,165.7,2185.8,2326.1,46.9,5.02,0.51,26.7,22.55,0.0,0.94,13.84,0.8
2018-09-11T17:08:00Z,31.666,-64.164,1001.3,7.019,35.123,35.125,27.531,186.1,2183.7,2323.2,45.8,4.53,0.42,24.2,21.81,0.0,1.06,14.11,0.9
2018-09-12T15:57:00Z,31.716,-64.13,39.1,25.653,36.66,36.603,24.399,222.0,2061.2,2394.9,72.8,35.39,4.73,5.8,0.0,0.0,0.0,0.79,5.0
2018-10-18T16:30:00Z,31.666,-64.165,697.4,13.655,35.778,35.778,26.887,175.8,2155.5,2358.0,44.2,4.66,0.64,16.2,13.71,0.0,0.8,5.94,0.9
2018-10-18T16:30:00Z,31.666,-64.165,798.0,11.252,35.469,35.469,27.119,158.3,2174.2,2342.8,45.3,4.18,0.18,21.4,19.13,0.0,1.17,9.85,0.8
2018-10-18T16:30:00Z,31.666,-64.165,895.7,9.399,35.278,35.28,27.293,155.5,2182.5,2333.2,44.2,4.54,0.13,25.1,22.12,0.0,1.38,12.73,0.5
2018-10-18T16:30:00Z,31.666,-64.165,998.2,7.674,35.17,35.168,27.475,173.9,2186.6,2332.8,45.7,5.24,0.56,25.0,22.38,0.0,1.43,14.29,0.5
2018-10-21T14:54:00Z,31.677,-64.104,77.3,22.58,36.8,36.801,25.429,234.1,2075.2,2419.1,66.3,42.33,6.11,6.2,0.0,0.0,0.0,0.76,5.5
2018-10-21T14:54:00Z,31.677,-64.104,159.4,20.023,36.715,36.714,26.076,202.9,2106.7,2413.4,53.4,15.2,1.89,6.5,0.74,0.029,0.0,0.87,3.1
2018-11-06T18:32:00Z,31.661,-64.166,598.3,14.805,35.953,35.957,26.775,173.1,2158.6,2375.9,51.7,10.04,1.29,12.8,12.45,0.0,0.71,4.85,1.6
2018-11-06T18:32:00Z,31.661,-64.166,696.6,12.599,35.63,35.629,26.985,156.9,2168.8,2347.5,50.7,9.82,1.02,22.7,17.8,0.0,1.06,8.14,1.9
2018-11-06T18:32:00Z,31.661,-64.166,797.0,10.261,35.339,35.339,27.193,147.1,2190.8,2343.1,48.3,5.52,0.34,25.1,22.38,0.0,1.39,12.06,1.6
2018-11-06T18:32:00Z,31.661,-64.166,898.2,8.247,35.179,35.178,27.396,163.4,2188.6,2328.2,51.6,5.77,0.59,26.7,23.25,0.0,1.48,13.9,1.1
2018-11-06T18:32:00Z,31.661,-64.166,997.9,6.829,35.128,35.13,27.561,192.8,2182.5,2327.0,48.8,5.17,0.56,24.3,21.74,0.0,1.4,13.77,0.8
2018-12-14T18:05:00Z,31.668,-64.167,610.0,13.96,35.824,35.829,26.857,169.3,2155.1,2362.9,51.1,5.69,1.29,15.4,13.96,0.0,0.81,5.89,1.0
2018-12-14T18:05:00Z,31.668,-64.167,700.7,12.11,35.557,35.56,27.024,158.0,2171.2,2347.2,49.7,5.42,1.21,20.1,18.25,0.0,0.78,8.76,0.9
2018-12-14T18:05:00Z,31.668,-64.167,810.5,9.331,35.242,35.243,27.273,150.1,2185.2,2333.5,48.8,6.5,0.47,23.3,23.16,0.0,0.9,13.48,0.8
2018-12-14T18:05:00Z,31.668,-64.167,895.2,7.957,35.168,35.167,27.431,170.4,2185.8,2326.9,48.9,6.74,1.0,26.1,22.49,0.0,1.42,13.82,1.0
2018-12-14T18:05:00Z,31.668,-64.167,1007.2,6.527,35.124,35.122,27.598,201.9,2169.1,2330.3,48.9,8.48,1.29,20.3,20.72,0.0,1.32,13.38,0.9
2018-12-15T17:00:00Z,31.686,-64.19,80.7,22.156,36.795,36.795,25.546,214.9,2078.2,2409.2,65.1,20.93,3.81,3.5,0.0,0.0,0.0,0.76,3.4
2019-01-11T18:59:00Z,31.668,-64.169,605.6,14.915,35.979,35.979,26.771,177.8,2145.9,2365.7,46.0,4.73,1.56,14.3,11.55,0.0,0.65,6.44,1.1
2019-01-11T18:59:00Z,31.668,-64.169,697.9,13.17,35.712,35.713,26.935,168.2,2159.1,2352.0,44.9,3.77,1.39,17.0,15.2,0.0,0.62,10.16,1.0
2019-01-12T17:10:00Z,31.651,-64.236,159.0,19.538,36.668,36.672,26.168,201.6,2108.5,2392.8,52.9,7.83,1.6,5.5,2.11,0.0,0.07,1.05,2.5
2019-02-17T19:00:00Z,31.664,-64.17,704.8,11.997,35.552,35.554,27.042,158.7,2169.2,2346.0,45.5,7.2,0.57,18.2,18.09,0.0,1.09,8.66,0.8
2019-02-17T19:00:00Z,31.664,-64.17,806.5,9.746,35.296,35.298,27.247,154.5,2182.1,2331.5,45.2,5.53,0.0,26.0,21.73,0.0,1.37,12.15,0.8
2019-02-17T19:00:00Z,31.664,-64.17,1009.6,6.661,35.127,35.126,27.583,199.0,2179.9,2327.6,45.4,5.38,0.56,26.7,20.68,0.0,1.33,13.31,0.6
2019-03-13T11:21:00Z,31.67,-64.173,700.3,12.958,35.677,35.677,26.951,162.7,2169.6,2353.8,43.2,6.11,0.37,16.3,16.1,0.0,1.0,7.38,1.2
2019-03-13T11:21:00Z,31.67,-64.173,802.3,10.514,35.363,35.363,27.168,149.3,2183.9,2332.2,44.6,7.44,0.73,23.8,21.34,0.0,1.34,11.86,1.0
2019-03-13T11:21:00Z,31.67,-64.173,902.4,8.392,35.182,35.182,27.376,161.4,2188.7,2327.6,44.3,6.14,0.54,23.7,22.89,0.0,1.46,14.17,0.9
2019-03-13T11:21:00Z,31.67,-64.173,1000.2,6.934,35.143,35.143,27.558,192.3,2182.7,2324.3,43.8,4.85,0.69,21.7,21.13,0.0,1.35,13.74,0.7
2019-04-10T16:45:00Z,31.668,-64.165,600.8,14.218,35.861,35.862,26.83,168.8,2156.8,2353.1,40.5,8.05,1.88,16.1,13.73,0.0,0.78,5.62,0.8
2019-04-10T16:45:00Z,31.668,-64.165,703.4,11.732,35.517,35.519,27.064,154.0,2173.6,2336.3,41.0,6.59,1.74,19.9,19.0,0.0,1.13,9.41,0.7
2019-04-10T16:45:00Z,31.668,-64.165,800.5,9.558,35.292,35.293,27.275,156.3,2184.1,2326.4,45.5,4.05,1.23,23.2,21.31,0.0,1.3,12.09,0.6
2019-04-10T16:45:00Z,31.668,-64.165,906.3,8.018,35.191,35.192,27.44,170.6,2188.2,2323.2,42.2,7.0,1.36,23.5,22.19,0.0,1.38,13.8,0.7
2019-04-10T16:45:00Z,31.668,-64.165,999.6,6.929,35.151,35.151,27.565,191.2,2185.7,2322.1,47.6,6.43,1.44,22.5,21.13,0.0,1.33,13.84,0.3
2019-04-22T16:32:00Z,31.688,-64.197,141.4,19.548,36.679,36.679,26.173,208.8,2103.5,2396.2,53.1,13.5,1.45,5.4,1.69,0.0,0.05,1.01,2.7
2019-05-13T15:59:00Z,31.667,-64.162,601.1,14.871,35.978,35.977,26.78,171.9,2150.7,2358.8,47.5,4.25,0.75,14.7,12.14,0.0,0.65,4.73,1.0
2019-05-13T15:59:00Z,31.667,-64.162,699.9,12.971,35.686,35.689,26.956,161.1,2164.7,2343.2,45.3,2.88,1.4,18.3,16.28,0.0,0.93,7.36,0.7
2019-05-13T15:59:00Z,31.667,-64.162,800.2,10.602,35.384,35.384,27.169,149.6,2181.8,2334.3,43.7,4.83,0.95,21.4,21.05,0.0,1.26,11.4,0.7
2019-05-13T15:59:00Z,31.667,-64.162,900.2,8.489,35.201,35.201,27.376,159.4,2186.6,2323.3,42.7,2.46,0.15,24.9,22.93,0.0,1.42,14.11,0.8
2019-05-13T15:59:00Z,31.667,-64.162,1000.6,7.187,35.141,35.143,27.522,180.3,2183.3,2321.1,43.0,3.24,0.15,24.8,22.21,0.0,1.4,14.76,0.8
2019-05-14T16:23:00Z,31.747,-64.17,160.9,20.015,36.71,36.709,26.075,206.8,2102.9,2396.4,55.4,12.66,2.84,4.4,0.9,0.039,0.0,0.83,2.7
2019-06-07T17:08:00Z,31.667,-64.168,599.7,16.839,36.292,36.293,26.573,177.3,2143.3,2374.2,49.3,6.93,0.69,11.2,8.57,0.0,0.45,3.05,1.0
2019-06-07T17:08:00Z,31.667,-64.168,700.6,14.902,35.975,35.976,26.775,175.4,2155.3,2357.3,48.1,3.82,0.41,14.7,11.87,0.0,0.66,4.56,0.8
2019-06-07T17:08:00Z,31.667,-64.168,799.2,12.496,35.618,35.62,27.0,158.5,2170.7,2345.2,46.3,4.41,0.67,21.0,17.44,0.0,1.04,8.13,0.8
2019-06-07T17:08:00Z,31.667,-64.168,899.6,9.818,35.277,35.278,27.222,143.5,2191.3,2331.0,45.7,3.21,1.31,26.0,23.32,0.0,1.43,13.34,0.9
2019-06-07T17:08:00Z,31.667,-64.168,999.4,7.77,35.159,35.158,27.453,173.4,2190.1,2331.0,47.8,4.77,0.0,24.3,22.31,0.0,1.39,13.94,0.8
2019-06-08T16:10:00Z,31.641,-64.241,10.0,23.785,36.866,36.866,25.122,213.2,2084.3,2406.2,66.1,23.63,3.91,3.4,0.0,0.0,0.0,0.75,4.2
2019-06-08T16:10:00Z,31.641,-64.241,139.7,19.995,36.677,36.676,26.054,214.4,2099.6,2398.7,53.5,14.84,2.51,4.4,0.87,0.127,0.0,0.71,3.8
2019-07-15T14:04:00Z,31.667,-64.169,600.2,16.531,36.24,36.238,26.606,176.1,2144.8,2388.3,48.4,0.76,0.26,10.3,9.21,0.0,0.48,3.25,1.0
2019-07-15T14:04:00Z,31.667,-64.169,700.3,14.33,35.88,35.878,26.825,165.9,2156.7,2360.4,51.6,0.5,0.38,15.8,13.71,0.0,0.77,5.6,1.1
2019-07-15T14:04:00Z,31.667,-64.169,800.1,11.578,35.498,35.493,27.081,155.0,2175.6,2341.3,48.3,0.0,0.0,21.2,18.25,0.0,1.1,9.2,0.8
2019-07-15T14:04:00Z,31.667,-64.169,899.4,9.519,35.274,35.272,27.27,151.9,2191.1,2339.4,48.1,0.0,0.0,24.2,22.4,0.0,1.37,12.94,0.8
2019-07-15T14:04:00Z,31.667,-64.169,1000.2,7.586,35.133,35.133,27.459,173.2,2188.7,2321.2,46.1,0.0,0.1,22.4,22.55,0.0,1.41,14.32,1.0
2019-07-17T15:56:00Z,31.725,-64.2,9.8,27.654,36.777,36.777,23.847,201.7,2076.8,2409.5,74.6,20.97,3.16,3.8,0.0,0.0,0.0,0.7,3.0
2019-07-17T15:56:00Z,31.725,-64.2,100.0,19.876,36.686,36.686,26.09,217.3,2098.9,2409.3,57.0,24.74,4.54,4.4,0.2,0.029,0.0,0.74,3.7
2019-07-17T22:05:00Z,31.744,-64.23,499.9,18.356,36.551,36.552,26.398,199.0,2120.6,2397.5,48.2,3.7,0.5,6.6,4.23,0.0,0.18,1.66,1.0
2019-08-18T16:25:00Z,31.66,-64.166,601.1,16.971,36.318,36.321,26.562,178.1,2139.9,2381.5,43.5,4.72,1.1,9.3,8.35,0.0,0.25,2.94,1.2
2019-08-18T16:25:00Z,31.66,-64.166,701.6,14.503,35.9,35.914,26.803,169.2,2155.0,2359.1,43.1,3.47,0.86,14.1,13.08,0.0,0.41,5.27,1.3
2019-08-18T16:25:00Z,31.66,-64.166,802.2,11.734,35.496,35.505,27.051,144.0,2181.5,2348.5,43.8,5.36,0.98,20.1,20.3,0.0,0.99,10.26,1.1
2019-08-18T16:25:00Z,31.66,-64.166,899.7,9.625,35.241,35.243,27.226,139.2,2190.1,2327.1,41.8,6.89,1.78,24.8,24.21,0.0,1.03,14.19,1.0
2019-08-18T16:25:00Z,31.66,-64.166,1007.1,7.462,35.149,35.15,27.489,178.2,2184.2,2325.0,40.9,3.53,0.94,24.9,22.09,0.0,1.02,13.98,1.0
2019-10-22T16:10:00Z,31.663,-64.167,598.3,14.715,35.938,35.937,26.783,174.8,2147.2,2365.5,46.7,6.75,1.27,13.2,12.14,0.0,0.52,4.8,1.1
2019-10-22T16:10:00Z,31.663,-64.167,699.6,12.45,35.605,35.606,26.995,161.2,2162.5,2348.8,43.4,5.52,0.74,17.1,17.18,0.0,0.71,8.06,0.9
2019-10-22T16:10:00Z,31.663,-64.167,801.0,9.963,35.316,35.319,27.226,150.9,2175.3,2335.5,43.8,3.23,0.78,21.6,21.8,0.0,1.26,12.1,0.9
2019-10-22T16:10:00Z,31.663,-64.167,902.2,8.266,35.178,35.178,27.392,161.0,2187.6,2327.1,45.6,3.99,0.98,23.3,23.02,0.0,1.41,14.19,0.7
2019-10-22T16:10:00Z,31.663,-64.167,1002.5,6.924,35.118,35.118,27.54,184.8,2184.9,2327.0,45.5,2.67,0.98,23.4,22.23,0.0,1.38,14.75,0.4
2019-11-17T17:07:00Z,31.667,-64.161,599.2,15.17,36.015,36.014,26.743,168.8,2150.4,2369.8,46.7,2.51,1.5,12.7,12.11,0.0,0.7,4.66,1.3
2019-11-17T17:07:00Z,31.667,-64.161,701.0,12.868,35.658,35.658,26.954,153.1,2181.2,2360.7,47.7,3.74,0.89,18.5,17.43,0.0,1.05,8.01,1.3
2019-11-17T17:07:00Z,31.667,-64.161,801.0,10.466,35.357,35.357,27.172,151.9,2184.8,2338.5,45.8,3.31,0.52,22.0,21.07,0.0,1.32,11.36,1.3
2019-11-17T17:07:00Z,31.667,-64.161,899.8,8.459,35.201,35.201,27.381,165.0,2183.1,2341.8,45.7,2.94,0.89,21.9,22.23,0.0,1.43,13.38,1.4
2019-11-17T17:07:00Z,31.667,-64.161,1003.1,7.264,35.185,35.183,27.546,189.3,2183.8,2327.9,42.8,2.3,0.64,20.8,20.82,0.0,1.35,13.26,1.1
2019-12-11T16:27:00Z,31.664,-64.166,600.2,14.779,35.954,35.954,26.782,174.2,2148.6,2367.2,49.9,5.57,0.93,14.3,12.24,0.0,0.7,4.77,1.7
2019-12-11T16:27:00Z,31.664,-64.166,700.3,12.529,35.621,35.62,26.992,161.0,2104.1,2370.3,43.9,4.78,1.22,18.5,17.15,0.0,1.03,7.89,1.2
2019-12-11T16:27:00Z,31.664,-64.166,800.9,10.347,35.35,35.35,27.187,149.2,2173.0,2334.8,48.3,4.84,0.65,22.1,21.71,0.0,1.34,11.73,0.9
2019-12-11T16:27:00Z,31.664,-64.166,900.2,8.413,35.194,35.193,27.383,164.0,2177.1,2329.0,45.4,3.64,0.59,22.3,22.6,0.0,1.42,13.54,1.1
2019-12-11T16:27:00Z,31.664,-64.166,1000.6,7.003,35.146,35.146,27.552,190.4,2190.4,2351.5,40.5,4.07,0.72,22.0,21.28,0.0,1.36,13.6,1.2
2020-01-25T20:12:00Z,31.68,-64.165,602.5,14.832,35.96,35.964,26.774,169.5,2153.4,2364.6,64.2,5.54,0.69,12.6,12.52,0.0,0.7,4.92,1.3
2020-01-25T20:12:00Z,31.68,-64.165,702.0,12.826,35.659,35.66,26.964,159.9,2163.2,2362.7,45.3,3.48,0.82,16.8,16.83,0.0,1.02,7.7,1.3
2020-01-25T20:12:00Z,31.68,-64.165,801.0,10.493,35.364,35.368,27.173,149.5,2179.7,2334.9,47.7,3.03,0.49,22.4,21.41,0.0,1.33,11.52,1.1
2020-01-25T20:12:00Z,31.68,-64.165,902.1,8.448,35.192,35.193,27.376,159.2,2178.8,2327.9,41.9,4.72,0.67,22.8,23.21,0.0,1.48,14.13,0.9
2020-01-25T20:12:00Z,31.68,-64.165,1002.3,6.979,35.143,35.143,27.552,188.6,2183.2,2326.7,50.3,3.88,0.3,22.6,21.49,0.0,0.99,14.01,0.8
2020-01-26T18:53:00Z,31.67,-64.181,251.0,19.142,36.65,36.65,26.262,201.5,2119.8,2404.1,50.4,16.54,1.6,6.3,2.69,0.0,0.11,1.22,2.2
2020-02-27T19:18:00Z,31.665,-64.167,600.6,14.945,35.987,35.986,26.771,170.8,2153.1,2368.8,48.5,4.34,0.21,12.8,12.25,0.0,0.7,4.74,0.9
2020-02-27T19:18:00Z,31.665,-64.167,703.8,12.917,35.677,35.678,26.959,158.2,2160.9,2347.8,47.2,5.15,1.53,17.5,16.78,0.0,1.01,7.61,1.2
2020-02-27T19:18:00Z,31.665,-64.167,991.8,7.279,35.134,35.134,27.503,178.3,2177.2,2326.1,45.4,4.38,0.34,23.4,22.45,0.0,1.44,14.63,0.8
2020-02-28T18:13:00Z,31.704,-64.318,200.4,19.232,36.655,36.656,26.24,200.1,2118.3,2402.8,56.7,6.08,0.57,5.1,2.61,0.0,0.1,1.19,3.0
2020-09-24T23:45:00Z,31.661,-64.231,603.0,14.037,35.837,35.84,26.85,171.3,2158.3,2353.2,44.8,3.79,1.82,15.4,13.45,0.0,0.79,5.54,1.1
2020-09-24T23:45:00Z,31.661,-64.231,703.4,12.041,35.556,35.559,27.036,157.6,2170.2,2339.2,45.5,3.89,0.39,18.8,17.26,0.0,1.05,8.21,1.2
2020-09-24T23:45:00Z,31.661,-64.231,1001.1,6.242,35.097,35.094,27.614,205.6,2181.8,2320.3,43.7,2.71,1.01,21.1,20.36,0.0,1.32,13.39,1.0
2021-01-25T21:10:00Z,31.663,-64.158,302.4,18.674,36.608,36.608,26.352,210.1,2114.9,2404.4,52.5,2.77,0.94,5.5,2.93,0.0,0.11,1.41,1.9
2021-01-25T21:10:00Z,31.663,-64.158,400.7,18.423,36.582,36.582,26.4,214.0,2113.9,2401.8,51.7,4.12,0.97,5.6,3.77,0.0,0.15,1.57,1.6
2021-01-25T21:10:00Z,31.663,-64.158,499.6,17.968,36.502,36.502,26.457,213.0,2121.5,2398.1,56.5,2.74,0.78,5.4,5.33,0.0,0.25,2.14,1.8
2021-01-25T21:10:00Z,31.663,-64.158,602.8,16.859,36.305,36.304,26.579,212.9,2121.5,2386.7,54.3,2.85,0.57,7.7,5.49,0.0,0.26,2.14,1.6
2021-01-25T21:10:00Z,31.663,-64.158,705.3,16.301,36.265,36.266,26.684,223.0,2123.2,2385.5,56.5,2.93,0.76,6.4,9.52,0.0,0.51,3.66,1.2
2021-01-25T21:10:00Z,31.663,-64.158,796.9,15.308,36.049,36.051,26.746,194.2,2138.4,2374.0,51.9,2.67,0.57,10.6,16.84,0.0,0.98,7.63,1.0
2021-01-25T21:10:00Z,31.663,-64.158,898.6,12.515,35.612,35.617,26.995,164.5,2161.7,2348.3,49.2,3.11,0.12,18.5,21.56,0.0,1.33,12.18,1.1
2021-01-25T21:10:00Z,31.663,-64.158,1005.7,9.532,35.289,35.295,27.282,157.3,2176.0,2333.7,45.9,3.58,0.28,22.3,22.11,0.0,1.4,14.03,0.8
2021-09-13T18:07:00Z,31.63,-64.201,907.7,8.012,35.171,35.169,27.425,171.0,2190.3,2330.4,44.8,4.19,0.64,22.8,21.58,0.0,1.44,14.53,0.8
2022-05-24T21:18:00Z,31.675,-64.282,600.2,14.851,35.967,35.966,26.775,169.5,2158.2,2359.4,45.8,2.94,0.33,15.2,12.45,0.0,0.71,4.84,0.9
2022-05-24T21:18:00Z,31.675,-64.282,699.6,12.572,35.621,35.627,26.984,155.0,2173.8,2343.5,43.6,3.94,0.54,18.9,17.44,0.0,0.93,8.16,0.8
2022-05-24T21:18:00Z,31.675,-64.282,899.9,7.974,35.166,35.166,27.427,165.4,2191.1,2321.7,41.1,8.34,0.54,25.0,23.06,0.0,1.46,14.47,0.6
2022-05-24T21:18:00Z,31.675,-64.282,1002.3,6.829,35.141,35.142,27.571,193.5,2185.2,2321.9,43.4,4.68,0.98,22.7,21.0,0.0,1.34,13.7,0.6
2022-08-14T11:05:00Z,31.673,-64.164,800.8,10.198,35.328,35.327,27.196,148.7,2184.9,2327.9,40.0,3.66,0.58,22.1,22.04,0.0,1.35,12.06,0.6
2024-02-13T10:08:00Z,31.666,-64.166,303.1,18.729,36.61,36.609,26.34,207.0,2119.7,2393.4,51.0,12.79,0.83,7.2,2.87,0.0,0.12,1.19,1.1
2024-02-13T10:08:00Z,31.666,-64.166,400.4,18.395,36.559,36.559,26.39,201.1,2125.8,2390.2,49.3,10.35,0.54,7.1,4.02,0.0,0.19,1.57,1.1
2024-02-13T10:08:00Z,31.666,-64.166,699.3,13.111,35.699,35.701,26.938,158.1,2171.4,2342.9,47.5,4.33,0.14,17.8,16.59,0.0,0.99,7.24,1.3
2024-02-13T10:08:00Z,31.666,-64.166,801.3,10.728,35.396,35.394,27.156,148.8,2187.6,2325.4,46.1,4.89,0.05,23.4,21.4,0.0,1.3,11.12,1.0
2024-02-13T10:08:00Z,31.666,-64.166,906.8,8.533,35.201,35.2,27.37,159.7,2191.9,2321.9,43.4,7.74,0.57,24.6,23.31,0.0,1.47,13.78,0.8
2024-02-13T10:08:00Z,31.666,-64.166,1002.0,7.234,35.148,35.146,27.521,183.0,2188.3,2319.3,46.3,4.97,0.21,23.8,17.31,0.0,1.17,11.06,0.7
